[0.106s] DEBUG:colcon:Command line arguments: ['/usr/bin/colcon', 'build', '--packages-skip', 'learning_gazebo']
[0.106s] DEBUG:colcon:Parsed command line arguments: Namespace(log_base=None, log_level=None, verb_name='build', build_base='build', install_base='install', merge_install=False, symlink_install=False, test_result_base=None, continue_on_error=False, executor='parallel', parallel_workers=14, event_handlers=None, ignore_user_meta=False, metas=['./colcon.meta'], base_paths=['.'], packages_ignore=None, packages_ignore_regex=None, paths=None, packages_up_to=None, packages_up_to_regex=None, packages_above=None, packages_above_and_dependencies=None, packages_above_depth=None, packages_select_by_dep=None, packages_skip_by_dep=None, packages_skip_up_to=None, packages_select_build_failed=False, packages_skip_build_finished=False, packages_select_test_failures=False, packages_skip_test_passed=False, packages_select=None, packages_skip=['learning_gazebo'], packages_select_regex=None, packages_skip_regex=None, packages_start=None, packages_end=None, allow_overriding=[], cmake_args=None, cmake_target=None, cmake_target_skip_unavailable=False, cmake_clean_cache=False, cmake_clean_first=False, cmake_force_configure=False, ament_cmake_args=None, catkin_cmake_args=None, catkin_skip_building_tests=False, verb_parser=<colcon_defaults.argument_parser.defaults.DefaultArgumentsDecorator object at 0x7ace70b8d0d0>, verb_extension=<colcon_core.verb.build.BuildVerb object at 0x7ace70cb5850>, main=<bound method BuildVerb.main of <colcon_core.verb.build.BuildVerb object at 0x7ace70cb5850>>)
[0.141s] Level 1:colcon.colcon_core.package_discovery:discover_packages(colcon_meta) check parameters
[0.141s] Level 1:colcon.colcon_core.package_discovery:discover_packages(recursive) check parameters
[0.142s] Level 1:colcon.colcon_core.package_discovery:discover_packages(ignore) check parameters
[0.142s] Level 1:colcon.colcon_core.package_discovery:discover_packages(path) check parameters
[0.142s] Level 1:colcon.colcon_core.package_discovery:discover_packages(colcon_meta) discover
[0.142s] Level 1:colcon.colcon_core.package_discovery:discover_packages(recursive) discover
[0.142s] INFO:colcon.colcon_core.package_discovery:Crawling recursively for packages in '/home/intel/example_ws'
[0.142s] Level 1:colcon.colcon_core.package_identification:_identify(.) by extensions ['ignore', 'ignore_ament_install']
[0.142s] Level 1:colcon.colcon_core.package_identification:_identify(.) by extension 'ignore'
[0.142s] Level 1:colcon.colcon_core.package_identification:_identify(.) by extension 'ignore_ament_install'
[0.142s] Level 1:colcon.colcon_core.package_identification:_identify(.) by extensions ['colcon_pkg']
[0.142s] Level 1:colcon.colcon_core.package_identification:_identify(.) by extension 'colcon_pkg'
[0.142s] Level 1:colcon.colcon_core.package_identification:_identify(.) by extensions ['colcon_meta']
[0.142s] Level 1:colcon.colcon_core.package_identification:_identify(.) by extension 'colcon_meta'
[0.142s] Level 1:colcon.colcon_core.package_identification:_identify(.) by extensions ['ros']
[0.142s] Level 1:colcon.colcon_core.package_identification:_identify(.) by extension 'ros'
[0.157s] Level 1:colcon.colcon_core.package_identification:_identify(.) by extensions ['cmake', 'python']
[0.157s] Level 1:colcon.colcon_core.package_identification:_identify(.) by extension 'cmake'
[0.157s] Level 1:colcon.colcon_core.package_identification:_identify(.) by extension 'python'
[0.157s] Level 1:colcon.colcon_core.package_identification:_identify(.) by extensions ['python_setup_py']
[0.157s] Level 1:colcon.colcon_core.package_identification:_identify(.) by extension 'python_setup_py'
[0.157s] Level 1:colcon.colcon_core.package_identification:_identify(build) by extensions ['ignore', 'ignore_ament_install']
[0.157s] Level 1:colcon.colcon_core.package_identification:_identify(build) by extension 'ignore'
[0.157s] Level 1:colcon.colcon_core.package_identification:_identify(build) ignored
[0.157s] Level 1:colcon.colcon_core.package_identification:_identify(install) by extensions ['ignore', 'ignore_ament_install']
[0.157s] Level 1:colcon.colcon_core.package_identification:_identify(install) by extension 'ignore'
[0.157s] Level 1:colcon.colcon_core.package_identification:_identify(install) ignored
[0.157s] Level 1:colcon.colcon_core.package_identification:_identify(log) by extensions ['ignore', 'ignore_ament_install']
[0.157s] Level 1:colcon.colcon_core.package_identification:_identify(log) by extension 'ignore'
[0.157s] Level 1:colcon.colcon_core.package_identification:_identify(log) ignored
[0.158s] Level 1:colcon.colcon_core.package_identification:_identify(src) by extensions ['ignore', 'ignore_ament_install']
[0.158s] Level 1:colcon.colcon_core.package_identification:_identify(src) by extension 'ignore'
[0.158s] Level 1:colcon.colcon_core.package_identification:_identify(src) by extension 'ignore_ament_install'
[0.158s] Level 1:colcon.colcon_core.package_identification:_identify(src) by extensions ['colcon_pkg']
[0.158s] Level 1:colcon.colcon_core.package_identification:_identify(src) by extension 'colcon_pkg'
[0.158s] Level 1:colcon.colcon_core.package_identification:_identify(src) by extensions ['colcon_meta']
[0.158s] Level 1:colcon.colcon_core.package_identification:_identify(src) by extension 'colcon_meta'
[0.158s] Level 1:colcon.colcon_core.package_identification:_identify(src) by extensions ['ros']
[0.158s] Level 1:colcon.colcon_core.package_identification:_identify(src) by extension 'ros'
[0.158s] Level 1:colcon.colcon_core.package_identification:_identify(src) by extensions ['cmake', 'python']
[0.158s] Level 1:colcon.colcon_core.package_identification:_identify(src) by extension 'cmake'
[0.158s] Level 1:colcon.colcon_core.package_identification:_identify(src) by extension 'python'
[0.158s] Level 1:colcon.colcon_core.package_identification:_identify(src) by extensions ['python_setup_py']
[0.158s] Level 1:colcon.colcon_core.package_identification:_identify(src) by extension 'python_setup_py'
[0.158s] Level 1:colcon.colcon_core.package_identification:_identify(src/ros2_21_tutorials) by extensions ['ignore', 'ignore_ament_install']
[0.158s] Level 1:colcon.colcon_core.package_identification:_identify(src/ros2_21_tutorials) by extension 'ignore'
[0.158s] Level 1:colcon.colcon_core.package_identification:_identify(src/ros2_21_tutorials) by extension 'ignore_ament_install'
[0.158s] Level 1:colcon.colcon_core.package_identification:_identify(src/ros2_21_tutorials) by extensions ['colcon_pkg']
[0.158s] Level 1:colcon.colcon_core.package_identification:_identify(src/ros2_21_tutorials) by extension 'colcon_pkg'
[0.158s] Level 1:colcon.colcon_core.package_identification:_identify(src/ros2_21_tutorials) by extensions ['colcon_meta']
[0.158s] Level 1:colcon.colcon_core.package_identification:_identify(src/ros2_21_tutorials) by extension 'colcon_meta'
[0.158s] Level 1:colcon.colcon_core.package_identification:_identify(src/ros2_21_tutorials) by extensions ['ros']
[0.158s] Level 1:colcon.colcon_core.package_identification:_identify(src/ros2_21_tutorials) by extension 'ros'
[0.158s] Level 1:colcon.colcon_core.package_identification:_identify(src/ros2_21_tutorials) by extensions ['cmake', 'python']
[0.158s] Level 1:colcon.colcon_core.package_identification:_identify(src/ros2_21_tutorials) by extension 'cmake'
[0.158s] Level 1:colcon.colcon_core.package_identification:_identify(src/ros2_21_tutorials) by extension 'python'
[0.158s] Level 1:colcon.colcon_core.package_identification:_identify(src/ros2_21_tutorials) by extensions ['python_setup_py']
[0.158s] Level 1:colcon.colcon_core.package_identification:_identify(src/ros2_21_tutorials) by extension 'python_setup_py'
[0.158s] Level 1:colcon.colcon_core.package_identification:_identify(src/ros2_21_tutorials/docs) by extensions ['ignore', 'ignore_ament_install']
[0.158s] Level 1:colcon.colcon_core.package_identification:_identify(src/ros2_21_tutorials/docs) by extension 'ignore'
[0.158s] Level 1:colcon.colcon_core.package_identification:_identify(src/ros2_21_tutorials/docs) by extension 'ignore_ament_install'
[0.158s] Level 1:colcon.colcon_core.package_identification:_identify(src/ros2_21_tutorials/docs) by extensions ['colcon_pkg']
[0.158s] Level 1:colcon.colcon_core.package_identification:_identify(src/ros2_21_tutorials/docs) by extension 'colcon_pkg'
[0.158s] Level 1:colcon.colcon_core.package_identification:_identify(src/ros2_21_tutorials/docs) by extensions ['colcon_meta']
[0.158s] Level 1:colcon.colcon_core.package_identification:_identify(src/ros2_21_tutorials/docs) by extension 'colcon_meta'
[0.158s] Level 1:colcon.colcon_core.package_identification:_identify(src/ros2_21_tutorials/docs) by extensions ['ros']
[0.158s] Level 1:colcon.colcon_core.package_identification:_identify(src/ros2_21_tutorials/docs) by extension 'ros'
[0.158s] Level 1:colcon.colcon_core.package_identification:_identify(src/ros2_21_tutorials/docs) by extensions ['cmake', 'python']
[0.158s] Level 1:colcon.colcon_core.package_identification:_identify(src/ros2_21_tutorials/docs) by extension 'cmake'
[0.158s] Level 1:colcon.colcon_core.package_identification:_identify(src/ros2_21_tutorials/docs) by extension 'python'
[0.158s] Level 1:colcon.colcon_core.package_identification:_identify(src/ros2_21_tutorials/docs) by extensions ['python_setup_py']
[0.158s] Level 1:colcon.colcon_core.package_identification:_identify(src/ros2_21_tutorials/docs) by extension 'python_setup_py'
[0.158s] Level 1:colcon.colcon_core.package_identification:_identify(src/ros2_21_tutorials/docs/images) by extensions ['ignore', 'ignore_ament_install']
[0.158s] Level 1:colcon.colcon_core.package_identification:_identify(src/ros2_21_tutorials/docs/images) by extension 'ignore'
[0.159s] Level 1:colcon.colcon_core.package_identification:_identify(src/ros2_21_tutorials/docs/images) by extension 'ignore_ament_install'
[0.159s] Level 1:colcon.colcon_core.package_identification:_identify(src/ros2_21_tutorials/docs/images) by extensions ['colcon_pkg']
[0.159s] Level 1:colcon.colcon_core.package_identification:_identify(src/ros2_21_tutorials/docs/images) by extension 'colcon_pkg'
[0.159s] Level 1:colcon.colcon_core.package_identification:_identify(src/ros2_21_tutorials/docs/images) by extensions ['colcon_meta']
[0.159s] Level 1:colcon.colcon_core.package_identification:_identify(src/ros2_21_tutorials/docs/images) by extension 'colcon_meta'
[0.159s] Level 1:colcon.colcon_core.package_identification:_identify(src/ros2_21_tutorials/docs/images) by extensions ['ros']
[0.159s] Level 1:colcon.colcon_core.package_identification:_identify(src/ros2_21_tutorials/docs/images) by extension 'ros'
[0.159s] Level 1:colcon.colcon_core.package_identification:_identify(src/ros2_21_tutorials/docs/images) by extensions ['cmake', 'python']
[0.159s] Level 1:colcon.colcon_core.package_identification:_identify(src/ros2_21_tutorials/docs/images) by extension 'cmake'
[0.159s] Level 1:colcon.colcon_core.package_identification:_identify(src/ros2_21_tutorials/docs/images) by extension 'python'
[0.159s] Level 1:colcon.colcon_core.package_identification:_identify(src/ros2_21_tutorials/docs/images) by extensions ['python_setup_py']
[0.159s] Level 1:colcon.colcon_core.package_identification:_identify(src/ros2_21_tutorials/docs/images) by extension 'python_setup_py'
[0.159s] Level 1:colcon.colcon_core.package_identification:_identify(src/ros2_21_tutorials/learning_action) by extensions ['ignore', 'ignore_ament_install']
[0.159s] Level 1:colcon.colcon_core.package_identification:_identify(src/ros2_21_tutorials/learning_action) by extension 'ignore'
[0.159s] Level 1:colcon.colcon_core.package_identification:_identify(src/ros2_21_tutorials/learning_action) by extension 'ignore_ament_install'
[0.159s] Level 1:colcon.colcon_core.package_identification:_identify(src/ros2_21_tutorials/learning_action) by extensions ['colcon_pkg']
[0.159s] Level 1:colcon.colcon_core.package_identification:_identify(src/ros2_21_tutorials/learning_action) by extension 'colcon_pkg'
[0.159s] Level 1:colcon.colcon_core.package_identification:_identify(src/ros2_21_tutorials/learning_action) by extensions ['colcon_meta']
[0.159s] Level 1:colcon.colcon_core.package_identification:_identify(src/ros2_21_tutorials/learning_action) by extension 'colcon_meta'
[0.159s] Level 1:colcon.colcon_core.package_identification:_identify(src/ros2_21_tutorials/learning_action) by extensions ['ros']
[0.159s] Level 1:colcon.colcon_core.package_identification:_identify(src/ros2_21_tutorials/learning_action) by extension 'ros'
[0.160s] DEBUG:colcon.colcon_core.package_identification:Package 'src/ros2_21_tutorials/learning_action' with type 'ros.ament_python' and name 'learning_action'
[0.160s] Level 1:colcon.colcon_core.package_identification:_identify(src/ros2_21_tutorials/learning_action_cpp) by extensions ['ignore', 'ignore_ament_install']
[0.160s] Level 1:colcon.colcon_core.package_identification:_identify(src/ros2_21_tutorials/learning_action_cpp) by extension 'ignore'
[0.160s] Level 1:colcon.colcon_core.package_identification:_identify(src/ros2_21_tutorials/learning_action_cpp) by extension 'ignore_ament_install'
[0.160s] Level 1:colcon.colcon_core.package_identification:_identify(src/ros2_21_tutorials/learning_action_cpp) by extensions ['colcon_pkg']
[0.160s] Level 1:colcon.colcon_core.package_identification:_identify(src/ros2_21_tutorials/learning_action_cpp) by extension 'colcon_pkg'
[0.160s] Level 1:colcon.colcon_core.package_identification:_identify(src/ros2_21_tutorials/learning_action_cpp) by extensions ['colcon_meta']
[0.160s] Level 1:colcon.colcon_core.package_identification:_identify(src/ros2_21_tutorials/learning_action_cpp) by extension 'colcon_meta'
[0.160s] Level 1:colcon.colcon_core.package_identification:_identify(src/ros2_21_tutorials/learning_action_cpp) by extensions ['ros']
[0.161s] Level 1:colcon.colcon_core.package_identification:_identify(src/ros2_21_tutorials/learning_action_cpp) by extension 'ros'
[0.161s] DEBUG:colcon.colcon_core.package_identification:Package 'src/ros2_21_tutorials/learning_action_cpp' with type 'ros.ament_cmake' and name 'learning_action_cpp'
[0.161s] Level 1:colcon.colcon_core.package_identification:_identify(src/ros2_21_tutorials/learning_cv) by extensions ['ignore', 'ignore_ament_install']
[0.161s] Level 1:colcon.colcon_core.package_identification:_identify(src/ros2_21_tutorials/learning_cv) by extension 'ignore'
[0.161s] Level 1:colcon.colcon_core.package_identification:_identify(src/ros2_21_tutorials/learning_cv) by extension 'ignore_ament_install'
[0.161s] Level 1:colcon.colcon_core.package_identification:_identify(src/ros2_21_tutorials/learning_cv) by extensions ['colcon_pkg']
[0.161s] Level 1:colcon.colcon_core.package_identification:_identify(src/ros2_21_tutorials/learning_cv) by extension 'colcon_pkg'
[0.161s] Level 1:colcon.colcon_core.package_identification:_identify(src/ros2_21_tutorials/learning_cv) by extensions ['colcon_meta']
[0.161s] Level 1:colcon.colcon_core.package_identification:_identify(src/ros2_21_tutorials/learning_cv) by extension 'colcon_meta'
[0.161s] Level 1:colcon.colcon_core.package_identification:_identify(src/ros2_21_tutorials/learning_cv) by extensions ['ros']
[0.161s] Level 1:colcon.colcon_core.package_identification:_identify(src/ros2_21_tutorials/learning_cv) by extension 'ros'
[0.161s] DEBUG:colcon.colcon_core.package_identification:Package 'src/ros2_21_tutorials/learning_cv' with type 'ros.ament_python' and name 'learning_cv'
[0.161s] Level 1:colcon.colcon_core.package_identification:_identify(src/ros2_21_tutorials/learning_gazebo) by extensions ['ignore', 'ignore_ament_install']
[0.161s] Level 1:colcon.colcon_core.package_identification:_identify(src/ros2_21_tutorials/learning_gazebo) by extension 'ignore'
[0.161s] Level 1:colcon.colcon_core.package_identification:_identify(src/ros2_21_tutorials/learning_gazebo) by extension 'ignore_ament_install'
[0.161s] Level 1:colcon.colcon_core.package_identification:_identify(src/ros2_21_tutorials/learning_gazebo) by extensions ['colcon_pkg']
[0.161s] Level 1:colcon.colcon_core.package_identification:_identify(src/ros2_21_tutorials/learning_gazebo) by extension 'colcon_pkg'
[0.161s] Level 1:colcon.colcon_core.package_identification:_identify(src/ros2_21_tutorials/learning_gazebo) by extensions ['colcon_meta']
[0.161s] Level 1:colcon.colcon_core.package_identification:_identify(src/ros2_21_tutorials/learning_gazebo) by extension 'colcon_meta'
[0.161s] Level 1:colcon.colcon_core.package_identification:_identify(src/ros2_21_tutorials/learning_gazebo) by extensions ['ros']
[0.161s] Level 1:colcon.colcon_core.package_identification:_identify(src/ros2_21_tutorials/learning_gazebo) by extension 'ros'
[0.162s] DEBUG:colcon.colcon_core.package_identification:Package 'src/ros2_21_tutorials/learning_gazebo' with type 'ros.ament_python' and name 'learning_gazebo'
[0.162s] Level 1:colcon.colcon_core.package_identification:_identify(src/ros2_21_tutorials/learning_gazebo_harmonic) by extensions ['ignore', 'ignore_ament_install']
[0.162s] Level 1:colcon.colcon_core.package_identification:_identify(src/ros2_21_tutorials/learning_gazebo_harmonic) by extension 'ignore'
[0.162s] Level 1:colcon.colcon_core.package_identification:_identify(src/ros2_21_tutorials/learning_gazebo_harmonic) by extension 'ignore_ament_install'
[0.162s] Level 1:colcon.colcon_core.package_identification:_identify(src/ros2_21_tutorials/learning_gazebo_harmonic) by extensions ['colcon_pkg']
[0.162s] Level 1:colcon.colcon_core.package_identification:_identify(src/ros2_21_tutorials/learning_gazebo_harmonic) by extension 'colcon_pkg'
[0.162s] Level 1:colcon.colcon_core.package_identification:_identify(src/ros2_21_tutorials/learning_gazebo_harmonic) by extensions ['colcon_meta']
[0.162s] Level 1:colcon.colcon_core.package_identification:_identify(src/ros2_21_tutorials/learning_gazebo_harmonic) by extension 'colcon_meta'
[0.162s] Level 1:colcon.colcon_core.package_identification:_identify(src/ros2_21_tutorials/learning_gazebo_harmonic) by extensions ['ros']
[0.162s] Level 1:colcon.colcon_core.package_identification:_identify(src/ros2_21_tutorials/learning_gazebo_harmonic) by extension 'ros'
[0.162s] DEBUG:colcon.colcon_core.package_identification:Package 'src/ros2_21_tutorials/learning_gazebo_harmonic' with type 'ros.ament_python' and name 'learning_gazebo_harmonic'
[0.162s] Level 1:colcon.colcon_core.package_identification:_identify(src/ros2_21_tutorials/learning_interface) by extensions ['ignore', 'ignore_ament_install']
[0.162s] Level 1:colcon.colcon_core.package_identification:_identify(src/ros2_21_tutorials/learning_interface) by extension 'ignore'
[0.162s] Level 1:colcon.colcon_core.package_identification:_identify(src/ros2_21_tutorials/learning_interface) by extension 'ignore_ament_install'
[0.162s] Level 1:colcon.colcon_core.package_identification:_identify(src/ros2_21_tutorials/learning_interface) by extensions ['colcon_pkg']
[0.162s] Level 1:colcon.colcon_core.package_identification:_identify(src/ros2_21_tutorials/learning_interface) by extension 'colcon_pkg'
[0.162s] Level 1:colcon.colcon_core.package_identification:_identify(src/ros2_21_tutorials/learning_interface) by extensions ['colcon_meta']
[0.162s] Level 1:colcon.colcon_core.package_identification:_identify(src/ros2_21_tutorials/learning_interface) by extension 'colcon_meta'
[0.162s] Level 1:colcon.colcon_core.package_identification:_identify(src/ros2_21_tutorials/learning_interface) by extensions ['ros']
[0.162s] Level 1:colcon.colcon_core.package_identification:_identify(src/ros2_21_tutorials/learning_interface) by extension 'ros'
[0.163s] DEBUG:colcon.colcon_core.package_identification:Package 'src/ros2_21_tutorials/learning_interface' with type 'ros.ament_cmake' and name 'learning_interface'
[0.163s] Level 1:colcon.colcon_core.package_identification:_identify(src/ros2_21_tutorials/learning_launch) by extensions ['ignore', 'ignore_ament_install']
[0.163s] Level 1:colcon.colcon_core.package_identification:_identify(src/ros2_21_tutorials/learning_launch) by extension 'ignore'
[0.163s] Level 1:colcon.colcon_core.package_identification:_identify(src/ros2_21_tutorials/learning_launch) by extension 'ignore_ament_install'
[0.163s] Level 1:colcon.colcon_core.package_identification:_identify(src/ros2_21_tutorials/learning_launch) by extensions ['colcon_pkg']
[0.163s] Level 1:colcon.colcon_core.package_identification:_identify(src/ros2_21_tutorials/learning_launch) by extension 'colcon_pkg'
[0.163s] Level 1:colcon.colcon_core.package_identification:_identify(src/ros2_21_tutorials/learning_launch) by extensions ['colcon_meta']
[0.163s] Level 1:colcon.colcon_core.package_identification:_identify(src/ros2_21_tutorials/learning_launch) by extension 'colcon_meta'
[0.163s] Level 1:colcon.colcon_core.package_identification:_identify(src/ros2_21_tutorials/learning_launch) by extensions ['ros']
[0.163s] Level 1:colcon.colcon_core.package_identification:_identify(src/ros2_21_tutorials/learning_launch) by extension 'ros'
[0.163s] DEBUG:colcon.colcon_core.package_identification:Package 'src/ros2_21_tutorials/learning_launch' with type 'ros.ament_python' and name 'learning_launch'
[0.163s] Level 1:colcon.colcon_core.package_identification:_identify(src/ros2_21_tutorials/learning_node) by extensions ['ignore', 'ignore_ament_install']
[0.163s] Level 1:colcon.colcon_core.package_identification:_identify(src/ros2_21_tutorials/learning_node) by extension 'ignore'
[0.163s] Level 1:colcon.colcon_core.package_identification:_identify(src/ros2_21_tutorials/learning_node) by extension 'ignore_ament_install'
[0.163s] Level 1:colcon.colcon_core.package_identification:_identify(src/ros2_21_tutorials/learning_node) by extensions ['colcon_pkg']
[0.163s] Level 1:colcon.colcon_core.package_identification:_identify(src/ros2_21_tutorials/learning_node) by extension 'colcon_pkg'
[0.163s] Level 1:colcon.colcon_core.package_identification:_identify(src/ros2_21_tutorials/learning_node) by extensions ['colcon_meta']
[0.163s] Level 1:colcon.colcon_core.package_identification:_identify(src/ros2_21_tutorials/learning_node) by extension 'colcon_meta'
[0.163s] Level 1:colcon.colcon_core.package_identification:_identify(src/ros2_21_tutorials/learning_node) by extensions ['ros']
[0.163s] Level 1:colcon.colcon_core.package_identification:_identify(src/ros2_21_tutorials/learning_node) by extension 'ros'
[0.163s] DEBUG:colcon.colcon_core.package_identification:Package 'src/ros2_21_tutorials/learning_node' with type 'ros.ament_python' and name 'learning_node'
[0.163s] Level 1:colcon.colcon_core.package_identification:_identify(src/ros2_21_tutorials/learning_node_cpp) by extensions ['ignore', 'ignore_ament_install']
[0.163s] Level 1:colcon.colcon_core.package_identification:_identify(src/ros2_21_tutorials/learning_node_cpp) by extension 'ignore'
[0.163s] Level 1:colcon.colcon_core.package_identification:_identify(src/ros2_21_tutorials/learning_node_cpp) by extension 'ignore_ament_install'
[0.164s] Level 1:colcon.colcon_core.package_identification:_identify(src/ros2_21_tutorials/learning_node_cpp) by extensions ['colcon_pkg']
[0.164s] Level 1:colcon.colcon_core.package_identification:_identify(src/ros2_21_tutorials/learning_node_cpp) by extension 'colcon_pkg'
[0.164s] Level 1:colcon.colcon_core.package_identification:_identify(src/ros2_21_tutorials/learning_node_cpp) by extensions ['colcon_meta']
[0.164s] Level 1:colcon.colcon_core.package_identification:_identify(src/ros2_21_tutorials/learning_node_cpp) by extension 'colcon_meta'
[0.164s] Level 1:colcon.colcon_core.package_identification:_identify(src/ros2_21_tutorials/learning_node_cpp) by extensions ['ros']
[0.164s] Level 1:colcon.colcon_core.package_identification:_identify(src/ros2_21_tutorials/learning_node_cpp) by extension 'ros'
[0.164s] DEBUG:colcon.colcon_core.package_identification:Package 'src/ros2_21_tutorials/learning_node_cpp' with type 'ros.ament_cmake' and name 'learning_node_cpp'
[0.164s] Level 1:colcon.colcon_core.package_identification:_identify(src/ros2_21_tutorials/learning_parameter) by extensions ['ignore', 'ignore_ament_install']
[0.164s] Level 1:colcon.colcon_core.package_identification:_identify(src/ros2_21_tutorials/learning_parameter) by extension 'ignore'
[0.164s] Level 1:colcon.colcon_core.package_identification:_identify(src/ros2_21_tutorials/learning_parameter) by extension 'ignore_ament_install'
[0.164s] Level 1:colcon.colcon_core.package_identification:_identify(src/ros2_21_tutorials/learning_parameter) by extensions ['colcon_pkg']
[0.164s] Level 1:colcon.colcon_core.package_identification:_identify(src/ros2_21_tutorials/learning_parameter) by extension 'colcon_pkg'
[0.164s] Level 1:colcon.colcon_core.package_identification:_identify(src/ros2_21_tutorials/learning_parameter) by extensions ['colcon_meta']
[0.164s] Level 1:colcon.colcon_core.package_identification:_identify(src/ros2_21_tutorials/learning_parameter) by extension 'colcon_meta'
[0.164s] Level 1:colcon.colcon_core.package_identification:_identify(src/ros2_21_tutorials/learning_parameter) by extensions ['ros']
[0.164s] Level 1:colcon.colcon_core.package_identification:_identify(src/ros2_21_tutorials/learning_parameter) by extension 'ros'
[0.164s] DEBUG:colcon.colcon_core.package_identification:Package 'src/ros2_21_tutorials/learning_parameter' with type 'ros.ament_python' and name 'learning_parameter'
[0.164s] Level 1:colcon.colcon_core.package_identification:_identify(src/ros2_21_tutorials/learning_parameter_cpp) by extensions ['ignore', 'ignore_ament_install']
[0.164s] Level 1:colcon.colcon_core.package_identification:_identify(src/ros2_21_tutorials/learning_parameter_cpp) by extension 'ignore'
[0.164s] Level 1:colcon.colcon_core.package_identification:_identify(src/ros2_21_tutorials/learning_parameter_cpp) by extension 'ignore_ament_install'
[0.164s] Level 1:colcon.colcon_core.package_identification:_identify(src/ros2_21_tutorials/learning_parameter_cpp) by extensions ['colcon_pkg']
[0.164s] Level 1:colcon.colcon_core.package_identification:_identify(src/ros2_21_tutorials/learning_parameter_cpp) by extension 'colcon_pkg'
[0.164s] Level 1:colcon.colcon_core.package_identification:_identify(src/ros2_21_tutorials/learning_parameter_cpp) by extensions ['colcon_meta']
[0.164s] Level 1:colcon.colcon_core.package_identification:_identify(src/ros2_21_tutorials/learning_parameter_cpp) by extension 'colcon_meta'
[0.164s] Level 1:colcon.colcon_core.package_identification:_identify(src/ros2_21_tutorials/learning_parameter_cpp) by extensions ['ros']
[0.164s] Level 1:colcon.colcon_core.package_identification:_identify(src/ros2_21_tutorials/learning_parameter_cpp) by extension 'ros'
[0.165s] DEBUG:colcon.colcon_core.package_identification:Package 'src/ros2_21_tutorials/learning_parameter_cpp' with type 'ros.ament_cmake' and name 'learning_parameter_cpp'
[0.165s] Level 1:colcon.colcon_core.package_identification:_identify(src/ros2_21_tutorials/learning_pkg_c) by extensions ['ignore', 'ignore_ament_install']
[0.165s] Level 1:colcon.colcon_core.package_identification:_identify(src/ros2_21_tutorials/learning_pkg_c) by extension 'ignore'
[0.165s] Level 1:colcon.colcon_core.package_identification:_identify(src/ros2_21_tutorials/learning_pkg_c) by extension 'ignore_ament_install'
[0.165s] Level 1:colcon.colcon_core.package_identification:_identify(src/ros2_21_tutorials/learning_pkg_c) by extensions ['colcon_pkg']
[0.165s] Level 1:colcon.colcon_core.package_identification:_identify(src/ros2_21_tutorials/learning_pkg_c) by extension 'colcon_pkg'
[0.165s] Level 1:colcon.colcon_core.package_identification:_identify(src/ros2_21_tutorials/learning_pkg_c) by extensions ['colcon_meta']
[0.165s] Level 1:colcon.colcon_core.package_identification:_identify(src/ros2_21_tutorials/learning_pkg_c) by extension 'colcon_meta'
[0.165s] Level 1:colcon.colcon_core.package_identification:_identify(src/ros2_21_tutorials/learning_pkg_c) by extensions ['ros']
[0.165s] Level 1:colcon.colcon_core.package_identification:_identify(src/ros2_21_tutorials/learning_pkg_c) by extension 'ros'
[0.165s] DEBUG:colcon.colcon_core.package_identification:Package 'src/ros2_21_tutorials/learning_pkg_c' with type 'ros.ament_cmake' and name 'learning_pkg_c'
[0.165s] Level 1:colcon.colcon_core.package_identification:_identify(src/ros2_21_tutorials/learning_pkg_python) by extensions ['ignore', 'ignore_ament_install']
[0.165s] Level 1:colcon.colcon_core.package_identification:_identify(src/ros2_21_tutorials/learning_pkg_python) by extension 'ignore'
[0.165s] Level 1:colcon.colcon_core.package_identification:_identify(src/ros2_21_tutorials/learning_pkg_python) by extension 'ignore_ament_install'
[0.165s] Level 1:colcon.colcon_core.package_identification:_identify(src/ros2_21_tutorials/learning_pkg_python) by extensions ['colcon_pkg']
[0.165s] Level 1:colcon.colcon_core.package_identification:_identify(src/ros2_21_tutorials/learning_pkg_python) by extension 'colcon_pkg'
[0.165s] Level 1:colcon.colcon_core.package_identification:_identify(src/ros2_21_tutorials/learning_pkg_python) by extensions ['colcon_meta']
[0.165s] Level 1:colcon.colcon_core.package_identification:_identify(src/ros2_21_tutorials/learning_pkg_python) by extension 'colcon_meta'
[0.165s] Level 1:colcon.colcon_core.package_identification:_identify(src/ros2_21_tutorials/learning_pkg_python) by extensions ['ros']
[0.165s] Level 1:colcon.colcon_core.package_identification:_identify(src/ros2_21_tutorials/learning_pkg_python) by extension 'ros'
[0.166s] DEBUG:colcon.colcon_core.package_identification:Package 'src/ros2_21_tutorials/learning_pkg_python' with type 'ros.ament_python' and name 'learning_pkg_python'
[0.166s] Level 1:colcon.colcon_core.package_identification:_identify(src/ros2_21_tutorials/learning_qos) by extensions ['ignore', 'ignore_ament_install']
[0.166s] Level 1:colcon.colcon_core.package_identification:_identify(src/ros2_21_tutorials/learning_qos) by extension 'ignore'
[0.166s] Level 1:colcon.colcon_core.package_identification:_identify(src/ros2_21_tutorials/learning_qos) by extension 'ignore_ament_install'
[0.166s] Level 1:colcon.colcon_core.package_identification:_identify(src/ros2_21_tutorials/learning_qos) by extensions ['colcon_pkg']
[0.166s] Level 1:colcon.colcon_core.package_identification:_identify(src/ros2_21_tutorials/learning_qos) by extension 'colcon_pkg'
[0.166s] Level 1:colcon.colcon_core.package_identification:_identify(src/ros2_21_tutorials/learning_qos) by extensions ['colcon_meta']
[0.166s] Level 1:colcon.colcon_core.package_identification:_identify(src/ros2_21_tutorials/learning_qos) by extension 'colcon_meta'
[0.166s] Level 1:colcon.colcon_core.package_identification:_identify(src/ros2_21_tutorials/learning_qos) by extensions ['ros']
[0.166s] Level 1:colcon.colcon_core.package_identification:_identify(src/ros2_21_tutorials/learning_qos) by extension 'ros'
[0.166s] DEBUG:colcon.colcon_core.package_identification:Package 'src/ros2_21_tutorials/learning_qos' with type 'ros.ament_python' and name 'learning_qos'
[0.166s] Level 1:colcon.colcon_core.package_identification:_identify(src/ros2_21_tutorials/learning_service) by extensions ['ignore', 'ignore_ament_install']
[0.166s] Level 1:colcon.colcon_core.package_identification:_identify(src/ros2_21_tutorials/learning_service) by extension 'ignore'
[0.166s] Level 1:colcon.colcon_core.package_identification:_identify(src/ros2_21_tutorials/learning_service) by extension 'ignore_ament_install'
[0.166s] Level 1:colcon.colcon_core.package_identification:_identify(src/ros2_21_tutorials/learning_service) by extensions ['colcon_pkg']
[0.166s] Level 1:colcon.colcon_core.package_identification:_identify(src/ros2_21_tutorials/learning_service) by extension 'colcon_pkg'
[0.167s] Level 1:colcon.colcon_core.package_identification:_identify(src/ros2_21_tutorials/learning_service) by extensions ['colcon_meta']
[0.167s] Level 1:colcon.colcon_core.package_identification:_identify(src/ros2_21_tutorials/learning_service) by extension 'colcon_meta'
[0.167s] Level 1:colcon.colcon_core.package_identification:_identify(src/ros2_21_tutorials/learning_service) by extensions ['ros']
[0.167s] Level 1:colcon.colcon_core.package_identification:_identify(src/ros2_21_tutorials/learning_service) by extension 'ros'
[0.167s] DEBUG:colcon.colcon_core.package_identification:Package 'src/ros2_21_tutorials/learning_service' with type 'ros.ament_python' and name 'learning_service'
[0.167s] Level 1:colcon.colcon_core.package_identification:_identify(src/ros2_21_tutorials/learning_service_cpp) by extensions ['ignore', 'ignore_ament_install']
[0.167s] Level 1:colcon.colcon_core.package_identification:_identify(src/ros2_21_tutorials/learning_service_cpp) by extension 'ignore'
[0.167s] Level 1:colcon.colcon_core.package_identification:_identify(src/ros2_21_tutorials/learning_service_cpp) by extension 'ignore_ament_install'
[0.167s] Level 1:colcon.colcon_core.package_identification:_identify(src/ros2_21_tutorials/learning_service_cpp) by extensions ['colcon_pkg']
[0.167s] Level 1:colcon.colcon_core.package_identification:_identify(src/ros2_21_tutorials/learning_service_cpp) by extension 'colcon_pkg'
[0.167s] Level 1:colcon.colcon_core.package_identification:_identify(src/ros2_21_tutorials/learning_service_cpp) by extensions ['colcon_meta']
[0.167s] Level 1:colcon.colcon_core.package_identification:_identify(src/ros2_21_tutorials/learning_service_cpp) by extension 'colcon_meta'
[0.167s] Level 1:colcon.colcon_core.package_identification:_identify(src/ros2_21_tutorials/learning_service_cpp) by extensions ['ros']
[0.167s] Level 1:colcon.colcon_core.package_identification:_identify(src/ros2_21_tutorials/learning_service_cpp) by extension 'ros'
[0.167s] DEBUG:colcon.colcon_core.package_identification:Package 'src/ros2_21_tutorials/learning_service_cpp' with type 'ros.ament_cmake' and name 'learning_service_cpp'
[0.167s] Level 1:colcon.colcon_core.package_identification:_identify(src/ros2_21_tutorials/learning_tf) by extensions ['ignore', 'ignore_ament_install']
[0.167s] Level 1:colcon.colcon_core.package_identification:_identify(src/ros2_21_tutorials/learning_tf) by extension 'ignore'
[0.167s] Level 1:colcon.colcon_core.package_identification:_identify(src/ros2_21_tutorials/learning_tf) by extension 'ignore_ament_install'
[0.167s] Level 1:colcon.colcon_core.package_identification:_identify(src/ros2_21_tutorials/learning_tf) by extensions ['colcon_pkg']
[0.168s] Level 1:colcon.colcon_core.package_identification:_identify(src/ros2_21_tutorials/learning_tf) by extension 'colcon_pkg'
[0.168s] Level 1:colcon.colcon_core.package_identification:_identify(src/ros2_21_tutorials/learning_tf) by extensions ['colcon_meta']
[0.168s] Level 1:colcon.colcon_core.package_identification:_identify(src/ros2_21_tutorials/learning_tf) by extension 'colcon_meta'
[0.168s] Level 1:colcon.colcon_core.package_identification:_identify(src/ros2_21_tutorials/learning_tf) by extensions ['ros']
[0.168s] Level 1:colcon.colcon_core.package_identification:_identify(src/ros2_21_tutorials/learning_tf) by extension 'ros'
[0.168s] DEBUG:colcon.colcon_core.package_identification:Package 'src/ros2_21_tutorials/learning_tf' with type 'ros.ament_python' and name 'learning_tf'
[0.168s] Level 1:colcon.colcon_core.package_identification:_identify(src/ros2_21_tutorials/learning_tf_cpp) by extensions ['ignore', 'ignore_ament_install']
[0.168s] Level 1:colcon.colcon_core.package_identification:_identify(src/ros2_21_tutorials/learning_tf_cpp) by extension 'ignore'
[0.168s] Level 1:colcon.colcon_core.package_identification:_identify(src/ros2_21_tutorials/learning_tf_cpp) by extension 'ignore_ament_install'
[0.168s] Level 1:colcon.colcon_core.package_identification:_identify(src/ros2_21_tutorials/learning_tf_cpp) by extensions ['colcon_pkg']
[0.168s] Level 1:colcon.colcon_core.package_identification:_identify(src/ros2_21_tutorials/learning_tf_cpp) by extension 'colcon_pkg'
[0.168s] Level 1:colcon.colcon_core.package_identification:_identify(src/ros2_21_tutorials/learning_tf_cpp) by extensions ['colcon_meta']
[0.168s] Level 1:colcon.colcon_core.package_identification:_identify(src/ros2_21_tutorials/learning_tf_cpp) by extension 'colcon_meta'
[0.168s] Level 1:colcon.colcon_core.package_identification:_identify(src/ros2_21_tutorials/learning_tf_cpp) by extensions ['ros']
[0.168s] Level 1:colcon.colcon_core.package_identification:_identify(src/ros2_21_tutorials/learning_tf_cpp) by extension 'ros'
[0.168s] DEBUG:colcon.colcon_core.package_identification:Package 'src/ros2_21_tutorials/learning_tf_cpp' with type 'ros.ament_cmake' and name 'learning_tf_cpp'
[0.168s] Level 1:colcon.colcon_core.package_identification:_identify(src/ros2_21_tutorials/learning_topic) by extensions ['ignore', 'ignore_ament_install']
[0.168s] Level 1:colcon.colcon_core.package_identification:_identify(src/ros2_21_tutorials/learning_topic) by extension 'ignore'
[0.169s] Level 1:colcon.colcon_core.package_identification:_identify(src/ros2_21_tutorials/learning_topic) by extension 'ignore_ament_install'
[0.169s] Level 1:colcon.colcon_core.package_identification:_identify(src/ros2_21_tutorials/learning_topic) by extensions ['colcon_pkg']
[0.169s] Level 1:colcon.colcon_core.package_identification:_identify(src/ros2_21_tutorials/learning_topic) by extension 'colcon_pkg'
[0.169s] Level 1:colcon.colcon_core.package_identification:_identify(src/ros2_21_tutorials/learning_topic) by extensions ['colcon_meta']
[0.169s] Level 1:colcon.colcon_core.package_identification:_identify(src/ros2_21_tutorials/learning_topic) by extension 'colcon_meta'
[0.169s] Level 1:colcon.colcon_core.package_identification:_identify(src/ros2_21_tutorials/learning_topic) by extensions ['ros']
[0.169s] Level 1:colcon.colcon_core.package_identification:_identify(src/ros2_21_tutorials/learning_topic) by extension 'ros'
[0.169s] DEBUG:colcon.colcon_core.package_identification:Package 'src/ros2_21_tutorials/learning_topic' with type 'ros.ament_python' and name 'learning_topic'
[0.169s] Level 1:colcon.colcon_core.package_identification:_identify(src/ros2_21_tutorials/learning_topic_cpp) by extensions ['ignore', 'ignore_ament_install']
[0.169s] Level 1:colcon.colcon_core.package_identification:_identify(src/ros2_21_tutorials/learning_topic_cpp) by extension 'ignore'
[0.169s] Level 1:colcon.colcon_core.package_identification:_identify(src/ros2_21_tutorials/learning_topic_cpp) by extension 'ignore_ament_install'
[0.169s] Level 1:colcon.colcon_core.package_identification:_identify(src/ros2_21_tutorials/learning_topic_cpp) by extensions ['colcon_pkg']
[0.169s] Level 1:colcon.colcon_core.package_identification:_identify(src/ros2_21_tutorials/learning_topic_cpp) by extension 'colcon_pkg'
[0.169s] Level 1:colcon.colcon_core.package_identification:_identify(src/ros2_21_tutorials/learning_topic_cpp) by extensions ['colcon_meta']
[0.169s] Level 1:colcon.colcon_core.package_identification:_identify(src/ros2_21_tutorials/learning_topic_cpp) by extension 'colcon_meta'
[0.169s] Level 1:colcon.colcon_core.package_identification:_identify(src/ros2_21_tutorials/learning_topic_cpp) by extensions ['ros']
[0.169s] Level 1:colcon.colcon_core.package_identification:_identify(src/ros2_21_tutorials/learning_topic_cpp) by extension 'ros'
[0.169s] DEBUG:colcon.colcon_core.package_identification:Package 'src/ros2_21_tutorials/learning_topic_cpp' with type 'ros.ament_cmake' and name 'learning_topic_cpp'
[0.169s] Level 1:colcon.colcon_core.package_identification:_identify(src/ros2_21_tutorials/learning_urdf) by extensions ['ignore', 'ignore_ament_install']
[0.169s] Level 1:colcon.colcon_core.package_identification:_identify(src/ros2_21_tutorials/learning_urdf) by extension 'ignore'
[0.169s] Level 1:colcon.colcon_core.package_identification:_identify(src/ros2_21_tutorials/learning_urdf) by extension 'ignore_ament_install'
[0.169s] Level 1:colcon.colcon_core.package_identification:_identify(src/ros2_21_tutorials/learning_urdf) by extensions ['colcon_pkg']
[0.169s] Level 1:colcon.colcon_core.package_identification:_identify(src/ros2_21_tutorials/learning_urdf) by extension 'colcon_pkg'
[0.169s] Level 1:colcon.colcon_core.package_identification:_identify(src/ros2_21_tutorials/learning_urdf) by extensions ['colcon_meta']
[0.169s] Level 1:colcon.colcon_core.package_identification:_identify(src/ros2_21_tutorials/learning_urdf) by extension 'colcon_meta'
[0.169s] Level 1:colcon.colcon_core.package_identification:_identify(src/ros2_21_tutorials/learning_urdf) by extensions ['ros']
[0.169s] Level 1:colcon.colcon_core.package_identification:_identify(src/ros2_21_tutorials/learning_urdf) by extension 'ros'
[0.170s] DEBUG:colcon.colcon_core.package_identification:Package 'src/ros2_21_tutorials/learning_urdf' with type 'ros.ament_python' and name 'learning_urdf'
[0.170s] Level 1:colcon.colcon_core.package_identification:_identify(src/ros2_21_tutorials/python) by extensions ['ignore', 'ignore_ament_install']
[0.170s] Level 1:colcon.colcon_core.package_identification:_identify(src/ros2_21_tutorials/python) by extension 'ignore'
[0.170s] Level 1:colcon.colcon_core.package_identification:_identify(src/ros2_21_tutorials/python) by extension 'ignore_ament_install'
[0.170s] Level 1:colcon.colcon_core.package_identification:_identify(src/ros2_21_tutorials/python) by extensions ['colcon_pkg']
[0.170s] Level 1:colcon.colcon_core.package_identification:_identify(src/ros2_21_tutorials/python) by extension 'colcon_pkg'
[0.170s] Level 1:colcon.colcon_core.package_identification:_identify(src/ros2_21_tutorials/python) by extensions ['colcon_meta']
[0.170s] Level 1:colcon.colcon_core.package_identification:_identify(src/ros2_21_tutorials/python) by extension 'colcon_meta'
[0.170s] Level 1:colcon.colcon_core.package_identification:_identify(src/ros2_21_tutorials/python) by extensions ['ros']
[0.170s] Level 1:colcon.colcon_core.package_identification:_identify(src/ros2_21_tutorials/python) by extension 'ros'
[0.170s] Level 1:colcon.colcon_core.package_identification:_identify(src/ros2_21_tutorials/python) by extensions ['cmake', 'python']
[0.170s] Level 1:colcon.colcon_core.package_identification:_identify(src/ros2_21_tutorials/python) by extension 'cmake'
[0.170s] Level 1:colcon.colcon_core.package_identification:_identify(src/ros2_21_tutorials/python) by extension 'python'
[0.170s] Level 1:colcon.colcon_core.package_identification:_identify(src/ros2_21_tutorials/python) by extensions ['python_setup_py']
[0.170s] Level 1:colcon.colcon_core.package_identification:_identify(src/ros2_21_tutorials/python) by extension 'python_setup_py'
[0.170s] Level 1:colcon.colcon_core.package_discovery:discover_packages(recursive) using defaults
[0.170s] Level 1:colcon.colcon_core.package_discovery:discover_packages(ignore) discover
[0.170s] Level 1:colcon.colcon_core.package_discovery:discover_packages(ignore) using defaults
[0.170s] Level 1:colcon.colcon_core.package_discovery:discover_packages(path) discover
[0.170s] Level 1:colcon.colcon_core.package_discovery:discover_packages(path) using defaults
[0.186s] INFO:colcon.colcon_core.package_selection:Skipping package 'learning_gazebo' in 'src/ros2_21_tutorials/learning_gazebo'
[0.187s] Level 1:colcon.colcon_core.package_discovery:discover_packages(prefix_path) check parameters
[0.187s] Level 1:colcon.colcon_core.package_discovery:discover_packages(prefix_path) discover
[0.189s] DEBUG:colcon.colcon_installed_package_information.package_discovery:Found 322 installed packages in /opt/ros/jazzy
[0.190s] Level 1:colcon.colcon_core.package_discovery:discover_packages(prefix_path) using defaults
[0.212s] Level 5:colcon.colcon_core.verb:set package 'learning_cv' build argument 'cmake_args' from command line to 'None'
[0.212s] Level 5:colcon.colcon_core.verb:set package 'learning_cv' build argument 'cmake_target' from command line to 'None'
[0.212s] Level 5:colcon.colcon_core.verb:set package 'learning_cv' build argument 'cmake_target_skip_unavailable' from command line to 'False'
[0.212s] Level 5:colcon.colcon_core.verb:set package 'learning_cv' build argument 'cmake_clean_cache' from command line to 'False'
[0.212s] Level 5:colcon.colcon_core.verb:set package 'learning_cv' build argument 'cmake_clean_first' from command line to 'False'
[0.212s] Level 5:colcon.colcon_core.verb:set package 'learning_cv' build argument 'cmake_force_configure' from command line to 'False'
[0.212s] Level 5:colcon.colcon_core.verb:set package 'learning_cv' build argument 'ament_cmake_args' from command line to 'None'
[0.212s] Level 5:colcon.colcon_core.verb:set package 'learning_cv' build argument 'catkin_cmake_args' from command line to 'None'
[0.212s] Level 5:colcon.colcon_core.verb:set package 'learning_cv' build argument 'catkin_skip_building_tests' from command line to 'False'
[0.212s] DEBUG:colcon.colcon_core.verb:Building package 'learning_cv' with the following arguments: {'ament_cmake_args': None, 'build_base': '/home/intel/example_ws/build/learning_cv', 'catkin_cmake_args': None, 'catkin_skip_building_tests': False, 'cmake_args': None, 'cmake_clean_cache': False, 'cmake_clean_first': False, 'cmake_force_configure': False, 'cmake_target': None, 'cmake_target_skip_unavailable': False, 'install_base': '/home/intel/example_ws/install/learning_cv', 'merge_install': False, 'path': '/home/intel/example_ws/src/ros2_21_tutorials/learning_cv', 'symlink_install': False, 'test_result_base': None}
[0.213s] Level 5:colcon.colcon_core.verb:set package 'learning_gazebo_harmonic' build argument 'cmake_args' from command line to 'None'
[0.213s] Level 5:colcon.colcon_core.verb:set package 'learning_gazebo_harmonic' build argument 'cmake_target' from command line to 'None'
[0.213s] Level 5:colcon.colcon_core.verb:set package 'learning_gazebo_harmonic' build argument 'cmake_target_skip_unavailable' from command line to 'False'
[0.213s] Level 5:colcon.colcon_core.verb:set package 'learning_gazebo_harmonic' build argument 'cmake_clean_cache' from command line to 'False'
[0.213s] Level 5:colcon.colcon_core.verb:set package 'learning_gazebo_harmonic' build argument 'cmake_clean_first' from command line to 'False'
[0.213s] Level 5:colcon.colcon_core.verb:set package 'learning_gazebo_harmonic' build argument 'cmake_force_configure' from command line to 'False'
[0.213s] Level 5:colcon.colcon_core.verb:set package 'learning_gazebo_harmonic' build argument 'ament_cmake_args' from command line to 'None'
[0.213s] Level 5:colcon.colcon_core.verb:set package 'learning_gazebo_harmonic' build argument 'catkin_cmake_args' from command line to 'None'
[0.213s] Level 5:colcon.colcon_core.verb:set package 'learning_gazebo_harmonic' build argument 'catkin_skip_building_tests' from command line to 'False'
[0.213s] DEBUG:colcon.colcon_core.verb:Building package 'learning_gazebo_harmonic' with the following arguments: {'ament_cmake_args': None, 'build_base': '/home/intel/example_ws/build/learning_gazebo_harmonic', 'catkin_cmake_args': None, 'catkin_skip_building_tests': False, 'cmake_args': None, 'cmake_clean_cache': False, 'cmake_clean_first': False, 'cmake_force_configure': False, 'cmake_target': None, 'cmake_target_skip_unavailable': False, 'install_base': '/home/intel/example_ws/install/learning_gazebo_harmonic', 'merge_install': False, 'path': '/home/intel/example_ws/src/ros2_21_tutorials/learning_gazebo_harmonic', 'symlink_install': False, 'test_result_base': None}
[0.213s] Level 5:colcon.colcon_core.verb:set package 'learning_interface' build argument 'cmake_args' from command line to 'None'
[0.213s] Level 5:colcon.colcon_core.verb:set package 'learning_interface' build argument 'cmake_target' from command line to 'None'
[0.213s] Level 5:colcon.colcon_core.verb:set package 'learning_interface' build argument 'cmake_target_skip_unavailable' from command line to 'False'
[0.213s] Level 5:colcon.colcon_core.verb:set package 'learning_interface' build argument 'cmake_clean_cache' from command line to 'False'
[0.213s] Level 5:colcon.colcon_core.verb:set package 'learning_interface' build argument 'cmake_clean_first' from command line to 'False'
[0.213s] Level 5:colcon.colcon_core.verb:set package 'learning_interface' build argument 'cmake_force_configure' from command line to 'False'
[0.213s] Level 5:colcon.colcon_core.verb:set package 'learning_interface' build argument 'ament_cmake_args' from command line to 'None'
[0.213s] Level 5:colcon.colcon_core.verb:set package 'learning_interface' build argument 'catkin_cmake_args' from command line to 'None'
[0.213s] Level 5:colcon.colcon_core.verb:set package 'learning_interface' build argument 'catkin_skip_building_tests' from command line to 'False'
[0.213s] DEBUG:colcon.colcon_core.verb:Building package 'learning_interface' with the following arguments: {'ament_cmake_args': None, 'build_base': '/home/intel/example_ws/build/learning_interface', 'catkin_cmake_args': None, 'catkin_skip_building_tests': False, 'cmake_args': None, 'cmake_clean_cache': False, 'cmake_clean_first': False, 'cmake_force_configure': False, 'cmake_target': None, 'cmake_target_skip_unavailable': False, 'install_base': '/home/intel/example_ws/install/learning_interface', 'merge_install': False, 'path': '/home/intel/example_ws/src/ros2_21_tutorials/learning_interface', 'symlink_install': False, 'test_result_base': None}
[0.213s] Level 5:colcon.colcon_core.verb:set package 'learning_launch' build argument 'cmake_args' from command line to 'None'
[0.213s] Level 5:colcon.colcon_core.verb:set package 'learning_launch' build argument 'cmake_target' from command line to 'None'
[0.213s] Level 5:colcon.colcon_core.verb:set package 'learning_launch' build argument 'cmake_target_skip_unavailable' from command line to 'False'
[0.213s] Level 5:colcon.colcon_core.verb:set package 'learning_launch' build argument 'cmake_clean_cache' from command line to 'False'
[0.213s] Level 5:colcon.colcon_core.verb:set package 'learning_launch' build argument 'cmake_clean_first' from command line to 'False'
[0.213s] Level 5:colcon.colcon_core.verb:set package 'learning_launch' build argument 'cmake_force_configure' from command line to 'False'
[0.213s] Level 5:colcon.colcon_core.verb:set package 'learning_launch' build argument 'ament_cmake_args' from command line to 'None'
[0.213s] Level 5:colcon.colcon_core.verb:set package 'learning_launch' build argument 'catkin_cmake_args' from command line to 'None'
[0.213s] Level 5:colcon.colcon_core.verb:set package 'learning_launch' build argument 'catkin_skip_building_tests' from command line to 'False'
[0.213s] DEBUG:colcon.colcon_core.verb:Building package 'learning_launch' with the following arguments: {'ament_cmake_args': None, 'build_base': '/home/intel/example_ws/build/learning_launch', 'catkin_cmake_args': None, 'catkin_skip_building_tests': False, 'cmake_args': None, 'cmake_clean_cache': False, 'cmake_clean_first': False, 'cmake_force_configure': False, 'cmake_target': None, 'cmake_target_skip_unavailable': False, 'install_base': '/home/intel/example_ws/install/learning_launch', 'merge_install': False, 'path': '/home/intel/example_ws/src/ros2_21_tutorials/learning_launch', 'symlink_install': False, 'test_result_base': None}
[0.213s] Level 5:colcon.colcon_core.verb:set package 'learning_node' build argument 'cmake_args' from command line to 'None'
[0.213s] Level 5:colcon.colcon_core.verb:set package 'learning_node' build argument 'cmake_target' from command line to 'None'
[0.213s] Level 5:colcon.colcon_core.verb:set package 'learning_node' build argument 'cmake_target_skip_unavailable' from command line to 'False'
[0.213s] Level 5:colcon.colcon_core.verb:set package 'learning_node' build argument 'cmake_clean_cache' from command line to 'False'
[0.213s] Level 5:colcon.colcon_core.verb:set package 'learning_node' build argument 'cmake_clean_first' from command line to 'False'
[0.213s] Level 5:colcon.colcon_core.verb:set package 'learning_node' build argument 'cmake_force_configure' from command line to 'False'
[0.213s] Level 5:colcon.colcon_core.verb:set package 'learning_node' build argument 'ament_cmake_args' from command line to 'None'
[0.213s] Level 5:colcon.colcon_core.verb:set package 'learning_node' build argument 'catkin_cmake_args' from command line to 'None'
[0.213s] Level 5:colcon.colcon_core.verb:set package 'learning_node' build argument 'catkin_skip_building_tests' from command line to 'False'
[0.213s] DEBUG:colcon.colcon_core.verb:Building package 'learning_node' with the following arguments: {'ament_cmake_args': None, 'build_base': '/home/intel/example_ws/build/learning_node', 'catkin_cmake_args': None, 'catkin_skip_building_tests': False, 'cmake_args': None, 'cmake_clean_cache': False, 'cmake_clean_first': False, 'cmake_force_configure': False, 'cmake_target': None, 'cmake_target_skip_unavailable': False, 'install_base': '/home/intel/example_ws/install/learning_node', 'merge_install': False, 'path': '/home/intel/example_ws/src/ros2_21_tutorials/learning_node', 'symlink_install': False, 'test_result_base': None}
[0.213s] Level 5:colcon.colcon_core.verb:set package 'learning_node_cpp' build argument 'cmake_args' from command line to 'None'
[0.213s] Level 5:colcon.colcon_core.verb:set package 'learning_node_cpp' build argument 'cmake_target' from command line to 'None'
[0.213s] Level 5:colcon.colcon_core.verb:set package 'learning_node_cpp' build argument 'cmake_target_skip_unavailable' from command line to 'False'
[0.213s] Level 5:colcon.colcon_core.verb:set package 'learning_node_cpp' build argument 'cmake_clean_cache' from command line to 'False'
[0.213s] Level 5:colcon.colcon_core.verb:set package 'learning_node_cpp' build argument 'cmake_clean_first' from command line to 'False'
[0.213s] Level 5:colcon.colcon_core.verb:set package 'learning_node_cpp' build argument 'cmake_force_configure' from command line to 'False'
[0.213s] Level 5:colcon.colcon_core.verb:set package 'learning_node_cpp' build argument 'ament_cmake_args' from command line to 'None'
[0.213s] Level 5:colcon.colcon_core.verb:set package 'learning_node_cpp' build argument 'catkin_cmake_args' from command line to 'None'
[0.213s] Level 5:colcon.colcon_core.verb:set package 'learning_node_cpp' build argument 'catkin_skip_building_tests' from command line to 'False'
[0.213s] DEBUG:colcon.colcon_core.verb:Building package 'learning_node_cpp' with the following arguments: {'ament_cmake_args': None, 'build_base': '/home/intel/example_ws/build/learning_node_cpp', 'catkin_cmake_args': None, 'catkin_skip_building_tests': False, 'cmake_args': None, 'cmake_clean_cache': False, 'cmake_clean_first': False, 'cmake_force_configure': False, 'cmake_target': None, 'cmake_target_skip_unavailable': False, 'install_base': '/home/intel/example_ws/install/learning_node_cpp', 'merge_install': False, 'path': '/home/intel/example_ws/src/ros2_21_tutorials/learning_node_cpp', 'symlink_install': False, 'test_result_base': None}
[0.214s] Level 5:colcon.colcon_core.verb:set package 'learning_parameter' build argument 'cmake_args' from command line to 'None'
[0.214s] Level 5:colcon.colcon_core.verb:set package 'learning_parameter' build argument 'cmake_target' from command line to 'None'
[0.214s] Level 5:colcon.colcon_core.verb:set package 'learning_parameter' build argument 'cmake_target_skip_unavailable' from command line to 'False'
[0.214s] Level 5:colcon.colcon_core.verb:set package 'learning_parameter' build argument 'cmake_clean_cache' from command line to 'False'
[0.214s] Level 5:colcon.colcon_core.verb:set package 'learning_parameter' build argument 'cmake_clean_first' from command line to 'False'
[0.214s] Level 5:colcon.colcon_core.verb:set package 'learning_parameter' build argument 'cmake_force_configure' from command line to 'False'
[0.214s] Level 5:colcon.colcon_core.verb:set package 'learning_parameter' build argument 'ament_cmake_args' from command line to 'None'
[0.214s] Level 5:colcon.colcon_core.verb:set package 'learning_parameter' build argument 'catkin_cmake_args' from command line to 'None'
[0.214s] Level 5:colcon.colcon_core.verb:set package 'learning_parameter' build argument 'catkin_skip_building_tests' from command line to 'False'
[0.214s] DEBUG:colcon.colcon_core.verb:Building package 'learning_parameter' with the following arguments: {'ament_cmake_args': None, 'build_base': '/home/intel/example_ws/build/learning_parameter', 'catkin_cmake_args': None, 'catkin_skip_building_tests': False, 'cmake_args': None, 'cmake_clean_cache': False, 'cmake_clean_first': False, 'cmake_force_configure': False, 'cmake_target': None, 'cmake_target_skip_unavailable': False, 'install_base': '/home/intel/example_ws/install/learning_parameter', 'merge_install': False, 'path': '/home/intel/example_ws/src/ros2_21_tutorials/learning_parameter', 'symlink_install': False, 'test_result_base': None}
[0.214s] Level 5:colcon.colcon_core.verb:set package 'learning_parameter_cpp' build argument 'cmake_args' from command line to 'None'
[0.214s] Level 5:colcon.colcon_core.verb:set package 'learning_parameter_cpp' build argument 'cmake_target' from command line to 'None'
[0.214s] Level 5:colcon.colcon_core.verb:set package 'learning_parameter_cpp' build argument 'cmake_target_skip_unavailable' from command line to 'False'
[0.214s] Level 5:colcon.colcon_core.verb:set package 'learning_parameter_cpp' build argument 'cmake_clean_cache' from command line to 'False'
[0.214s] Level 5:colcon.colcon_core.verb:set package 'learning_parameter_cpp' build argument 'cmake_clean_first' from command line to 'False'
[0.214s] Level 5:colcon.colcon_core.verb:set package 'learning_parameter_cpp' build argument 'cmake_force_configure' from command line to 'False'
[0.214s] Level 5:colcon.colcon_core.verb:set package 'learning_parameter_cpp' build argument 'ament_cmake_args' from command line to 'None'
[0.214s] Level 5:colcon.colcon_core.verb:set package 'learning_parameter_cpp' build argument 'catkin_cmake_args' from command line to 'None'
[0.214s] Level 5:colcon.colcon_core.verb:set package 'learning_parameter_cpp' build argument 'catkin_skip_building_tests' from command line to 'False'
[0.214s] DEBUG:colcon.colcon_core.verb:Building package 'learning_parameter_cpp' with the following arguments: {'ament_cmake_args': None, 'build_base': '/home/intel/example_ws/build/learning_parameter_cpp', 'catkin_cmake_args': None, 'catkin_skip_building_tests': False, 'cmake_args': None, 'cmake_clean_cache': False, 'cmake_clean_first': False, 'cmake_force_configure': False, 'cmake_target': None, 'cmake_target_skip_unavailable': False, 'install_base': '/home/intel/example_ws/install/learning_parameter_cpp', 'merge_install': False, 'path': '/home/intel/example_ws/src/ros2_21_tutorials/learning_parameter_cpp', 'symlink_install': False, 'test_result_base': None}
[0.214s] Level 5:colcon.colcon_core.verb:set package 'learning_pkg_c' build argument 'cmake_args' from command line to 'None'
[0.214s] Level 5:colcon.colcon_core.verb:set package 'learning_pkg_c' build argument 'cmake_target' from command line to 'None'
[0.214s] Level 5:colcon.colcon_core.verb:set package 'learning_pkg_c' build argument 'cmake_target_skip_unavailable' from command line to 'False'
[0.214s] Level 5:colcon.colcon_core.verb:set package 'learning_pkg_c' build argument 'cmake_clean_cache' from command line to 'False'
[0.214s] Level 5:colcon.colcon_core.verb:set package 'learning_pkg_c' build argument 'cmake_clean_first' from command line to 'False'
[0.214s] Level 5:colcon.colcon_core.verb:set package 'learning_pkg_c' build argument 'cmake_force_configure' from command line to 'False'
[0.214s] Level 5:colcon.colcon_core.verb:set package 'learning_pkg_c' build argument 'ament_cmake_args' from command line to 'None'
[0.214s] Level 5:colcon.colcon_core.verb:set package 'learning_pkg_c' build argument 'catkin_cmake_args' from command line to 'None'
[0.214s] Level 5:colcon.colcon_core.verb:set package 'learning_pkg_c' build argument 'catkin_skip_building_tests' from command line to 'False'
[0.214s] DEBUG:colcon.colcon_core.verb:Building package 'learning_pkg_c' with the following arguments: {'ament_cmake_args': None, 'build_base': '/home/intel/example_ws/build/learning_pkg_c', 'catkin_cmake_args': None, 'catkin_skip_building_tests': False, 'cmake_args': None, 'cmake_clean_cache': False, 'cmake_clean_first': False, 'cmake_force_configure': False, 'cmake_target': None, 'cmake_target_skip_unavailable': False, 'install_base': '/home/intel/example_ws/install/learning_pkg_c', 'merge_install': False, 'path': '/home/intel/example_ws/src/ros2_21_tutorials/learning_pkg_c', 'symlink_install': False, 'test_result_base': None}
[0.214s] Level 5:colcon.colcon_core.verb:set package 'learning_pkg_python' build argument 'cmake_args' from command line to 'None'
[0.214s] Level 5:colcon.colcon_core.verb:set package 'learning_pkg_python' build argument 'cmake_target' from command line to 'None'
[0.214s] Level 5:colcon.colcon_core.verb:set package 'learning_pkg_python' build argument 'cmake_target_skip_unavailable' from command line to 'False'
[0.214s] Level 5:colcon.colcon_core.verb:set package 'learning_pkg_python' build argument 'cmake_clean_cache' from command line to 'False'
[0.214s] Level 5:colcon.colcon_core.verb:set package 'learning_pkg_python' build argument 'cmake_clean_first' from command line to 'False'
[0.214s] Level 5:colcon.colcon_core.verb:set package 'learning_pkg_python' build argument 'cmake_force_configure' from command line to 'False'
[0.214s] Level 5:colcon.colcon_core.verb:set package 'learning_pkg_python' build argument 'ament_cmake_args' from command line to 'None'
[0.214s] Level 5:colcon.colcon_core.verb:set package 'learning_pkg_python' build argument 'catkin_cmake_args' from command line to 'None'
[0.214s] Level 5:colcon.colcon_core.verb:set package 'learning_pkg_python' build argument 'catkin_skip_building_tests' from command line to 'False'
[0.214s] DEBUG:colcon.colcon_core.verb:Building package 'learning_pkg_python' with the following arguments: {'ament_cmake_args': None, 'build_base': '/home/intel/example_ws/build/learning_pkg_python', 'catkin_cmake_args': None, 'catkin_skip_building_tests': False, 'cmake_args': None, 'cmake_clean_cache': False, 'cmake_clean_first': False, 'cmake_force_configure': False, 'cmake_target': None, 'cmake_target_skip_unavailable': False, 'install_base': '/home/intel/example_ws/install/learning_pkg_python', 'merge_install': False, 'path': '/home/intel/example_ws/src/ros2_21_tutorials/learning_pkg_python', 'symlink_install': False, 'test_result_base': None}
[0.214s] Level 5:colcon.colcon_core.verb:set package 'learning_qos' build argument 'cmake_args' from command line to 'None'
[0.214s] Level 5:colcon.colcon_core.verb:set package 'learning_qos' build argument 'cmake_target' from command line to 'None'
[0.214s] Level 5:colcon.colcon_core.verb:set package 'learning_qos' build argument 'cmake_target_skip_unavailable' from command line to 'False'
[0.214s] Level 5:colcon.colcon_core.verb:set package 'learning_qos' build argument 'cmake_clean_cache' from command line to 'False'
[0.214s] Level 5:colcon.colcon_core.verb:set package 'learning_qos' build argument 'cmake_clean_first' from command line to 'False'
[0.214s] Level 5:colcon.colcon_core.verb:set package 'learning_qos' build argument 'cmake_force_configure' from command line to 'False'
[0.214s] Level 5:colcon.colcon_core.verb:set package 'learning_qos' build argument 'ament_cmake_args' from command line to 'None'
[0.214s] Level 5:colcon.colcon_core.verb:set package 'learning_qos' build argument 'catkin_cmake_args' from command line to 'None'
[0.214s] Level 5:colcon.colcon_core.verb:set package 'learning_qos' build argument 'catkin_skip_building_tests' from command line to 'False'
[0.214s] DEBUG:colcon.colcon_core.verb:Building package 'learning_qos' with the following arguments: {'ament_cmake_args': None, 'build_base': '/home/intel/example_ws/build/learning_qos', 'catkin_cmake_args': None, 'catkin_skip_building_tests': False, 'cmake_args': None, 'cmake_clean_cache': False, 'cmake_clean_first': False, 'cmake_force_configure': False, 'cmake_target': None, 'cmake_target_skip_unavailable': False, 'install_base': '/home/intel/example_ws/install/learning_qos', 'merge_install': False, 'path': '/home/intel/example_ws/src/ros2_21_tutorials/learning_qos', 'symlink_install': False, 'test_result_base': None}
[0.215s] Level 5:colcon.colcon_core.verb:set package 'learning_tf' build argument 'cmake_args' from command line to 'None'
[0.215s] Level 5:colcon.colcon_core.verb:set package 'learning_tf' build argument 'cmake_target' from command line to 'None'
[0.215s] Level 5:colcon.colcon_core.verb:set package 'learning_tf' build argument 'cmake_target_skip_unavailable' from command line to 'False'
[0.215s] Level 5:colcon.colcon_core.verb:set package 'learning_tf' build argument 'cmake_clean_cache' from command line to 'False'
[0.215s] Level 5:colcon.colcon_core.verb:set package 'learning_tf' build argument 'cmake_clean_first' from command line to 'False'
[0.215s] Level 5:colcon.colcon_core.verb:set package 'learning_tf' build argument 'cmake_force_configure' from command line to 'False'
[0.215s] Level 5:colcon.colcon_core.verb:set package 'learning_tf' build argument 'ament_cmake_args' from command line to 'None'
[0.215s] Level 5:colcon.colcon_core.verb:set package 'learning_tf' build argument 'catkin_cmake_args' from command line to 'None'
[0.215s] Level 5:colcon.colcon_core.verb:set package 'learning_tf' build argument 'catkin_skip_building_tests' from command line to 'False'
[0.215s] DEBUG:colcon.colcon_core.verb:Building package 'learning_tf' with the following arguments: {'ament_cmake_args': None, 'build_base': '/home/intel/example_ws/build/learning_tf', 'catkin_cmake_args': None, 'catkin_skip_building_tests': False, 'cmake_args': None, 'cmake_clean_cache': False, 'cmake_clean_first': False, 'cmake_force_configure': False, 'cmake_target': None, 'cmake_target_skip_unavailable': False, 'install_base': '/home/intel/example_ws/install/learning_tf', 'merge_install': False, 'path': '/home/intel/example_ws/src/ros2_21_tutorials/learning_tf', 'symlink_install': False, 'test_result_base': None}
[0.215s] Level 5:colcon.colcon_core.verb:set package 'learning_tf_cpp' build argument 'cmake_args' from command line to 'None'
[0.215s] Level 5:colcon.colcon_core.verb:set package 'learning_tf_cpp' build argument 'cmake_target' from command line to 'None'
[0.215s] Level 5:colcon.colcon_core.verb:set package 'learning_tf_cpp' build argument 'cmake_target_skip_unavailable' from command line to 'False'
[0.215s] Level 5:colcon.colcon_core.verb:set package 'learning_tf_cpp' build argument 'cmake_clean_cache' from command line to 'False'
[0.215s] Level 5:colcon.colcon_core.verb:set package 'learning_tf_cpp' build argument 'cmake_clean_first' from command line to 'False'
[0.215s] Level 5:colcon.colcon_core.verb:set package 'learning_tf_cpp' build argument 'cmake_force_configure' from command line to 'False'
[0.215s] Level 5:colcon.colcon_core.verb:set package 'learning_tf_cpp' build argument 'ament_cmake_args' from command line to 'None'
[0.215s] Level 5:colcon.colcon_core.verb:set package 'learning_tf_cpp' build argument 'catkin_cmake_args' from command line to 'None'
[0.215s] Level 5:colcon.colcon_core.verb:set package 'learning_tf_cpp' build argument 'catkin_skip_building_tests' from command line to 'False'
[0.215s] DEBUG:colcon.colcon_core.verb:Building package 'learning_tf_cpp' with the following arguments: {'ament_cmake_args': None, 'build_base': '/home/intel/example_ws/build/learning_tf_cpp', 'catkin_cmake_args': None, 'catkin_skip_building_tests': False, 'cmake_args': None, 'cmake_clean_cache': False, 'cmake_clean_first': False, 'cmake_force_configure': False, 'cmake_target': None, 'cmake_target_skip_unavailable': False, 'install_base': '/home/intel/example_ws/install/learning_tf_cpp', 'merge_install': False, 'path': '/home/intel/example_ws/src/ros2_21_tutorials/learning_tf_cpp', 'symlink_install': False, 'test_result_base': None}
[0.215s] Level 5:colcon.colcon_core.verb:set package 'learning_topic_cpp' build argument 'cmake_args' from command line to 'None'
[0.215s] Level 5:colcon.colcon_core.verb:set package 'learning_topic_cpp' build argument 'cmake_target' from command line to 'None'
[0.215s] Level 5:colcon.colcon_core.verb:set package 'learning_topic_cpp' build argument 'cmake_target_skip_unavailable' from command line to 'False'
[0.215s] Level 5:colcon.colcon_core.verb:set package 'learning_topic_cpp' build argument 'cmake_clean_cache' from command line to 'False'
[0.215s] Level 5:colcon.colcon_core.verb:set package 'learning_topic_cpp' build argument 'cmake_clean_first' from command line to 'False'
[0.215s] Level 5:colcon.colcon_core.verb:set package 'learning_topic_cpp' build argument 'cmake_force_configure' from command line to 'False'
[0.215s] Level 5:colcon.colcon_core.verb:set package 'learning_topic_cpp' build argument 'ament_cmake_args' from command line to 'None'
[0.215s] Level 5:colcon.colcon_core.verb:set package 'learning_topic_cpp' build argument 'catkin_cmake_args' from command line to 'None'
[0.215s] Level 5:colcon.colcon_core.verb:set package 'learning_topic_cpp' build argument 'catkin_skip_building_tests' from command line to 'False'
[0.215s] DEBUG:colcon.colcon_core.verb:Building package 'learning_topic_cpp' with the following arguments: {'ament_cmake_args': None, 'build_base': '/home/intel/example_ws/build/learning_topic_cpp', 'catkin_cmake_args': None, 'catkin_skip_building_tests': False, 'cmake_args': None, 'cmake_clean_cache': False, 'cmake_clean_first': False, 'cmake_force_configure': False, 'cmake_target': None, 'cmake_target_skip_unavailable': False, 'install_base': '/home/intel/example_ws/install/learning_topic_cpp', 'merge_install': False, 'path': '/home/intel/example_ws/src/ros2_21_tutorials/learning_topic_cpp', 'symlink_install': False, 'test_result_base': None}
[0.215s] Level 5:colcon.colcon_core.verb:set package 'learning_urdf' build argument 'cmake_args' from command line to 'None'
[0.215s] Level 5:colcon.colcon_core.verb:set package 'learning_urdf' build argument 'cmake_target' from command line to 'None'
[0.215s] Level 5:colcon.colcon_core.verb:set package 'learning_urdf' build argument 'cmake_target_skip_unavailable' from command line to 'False'
[0.215s] Level 5:colcon.colcon_core.verb:set package 'learning_urdf' build argument 'cmake_clean_cache' from command line to 'False'
[0.215s] Level 5:colcon.colcon_core.verb:set package 'learning_urdf' build argument 'cmake_clean_first' from command line to 'False'
[0.215s] Level 5:colcon.colcon_core.verb:set package 'learning_urdf' build argument 'cmake_force_configure' from command line to 'False'
[0.215s] Level 5:colcon.colcon_core.verb:set package 'learning_urdf' build argument 'ament_cmake_args' from command line to 'None'
[0.215s] Level 5:colcon.colcon_core.verb:set package 'learning_urdf' build argument 'catkin_cmake_args' from command line to 'None'
[0.215s] Level 5:colcon.colcon_core.verb:set package 'learning_urdf' build argument 'catkin_skip_building_tests' from command line to 'False'
[0.215s] DEBUG:colcon.colcon_core.verb:Building package 'learning_urdf' with the following arguments: {'ament_cmake_args': None, 'build_base': '/home/intel/example_ws/build/learning_urdf', 'catkin_cmake_args': None, 'catkin_skip_building_tests': False, 'cmake_args': None, 'cmake_clean_cache': False, 'cmake_clean_first': False, 'cmake_force_configure': False, 'cmake_target': None, 'cmake_target_skip_unavailable': False, 'install_base': '/home/intel/example_ws/install/learning_urdf', 'merge_install': False, 'path': '/home/intel/example_ws/src/ros2_21_tutorials/learning_urdf', 'symlink_install': False, 'test_result_base': None}
[0.215s] Level 5:colcon.colcon_core.verb:set package 'learning_action' build argument 'cmake_args' from command line to 'None'
[0.215s] Level 5:colcon.colcon_core.verb:set package 'learning_action' build argument 'cmake_target' from command line to 'None'
[0.215s] Level 5:colcon.colcon_core.verb:set package 'learning_action' build argument 'cmake_target_skip_unavailable' from command line to 'False'
[0.215s] Level 5:colcon.colcon_core.verb:set package 'learning_action' build argument 'cmake_clean_cache' from command line to 'False'
[0.215s] Level 5:colcon.colcon_core.verb:set package 'learning_action' build argument 'cmake_clean_first' from command line to 'False'
[0.215s] Level 5:colcon.colcon_core.verb:set package 'learning_action' build argument 'cmake_force_configure' from command line to 'False'
[0.215s] Level 5:colcon.colcon_core.verb:set package 'learning_action' build argument 'ament_cmake_args' from command line to 'None'
[0.215s] Level 5:colcon.colcon_core.verb:set package 'learning_action' build argument 'catkin_cmake_args' from command line to 'None'
[0.215s] Level 5:colcon.colcon_core.verb:set package 'learning_action' build argument 'catkin_skip_building_tests' from command line to 'False'
[0.215s] DEBUG:colcon.colcon_core.verb:Building package 'learning_action' with the following arguments: {'ament_cmake_args': None, 'build_base': '/home/intel/example_ws/build/learning_action', 'catkin_cmake_args': None, 'catkin_skip_building_tests': False, 'cmake_args': None, 'cmake_clean_cache': False, 'cmake_clean_first': False, 'cmake_force_configure': False, 'cmake_target': None, 'cmake_target_skip_unavailable': False, 'install_base': '/home/intel/example_ws/install/learning_action', 'merge_install': False, 'path': '/home/intel/example_ws/src/ros2_21_tutorials/learning_action', 'symlink_install': False, 'test_result_base': None}
[0.216s] Level 5:colcon.colcon_core.verb:set package 'learning_action_cpp' build argument 'cmake_args' from command line to 'None'
[0.216s] Level 5:colcon.colcon_core.verb:set package 'learning_action_cpp' build argument 'cmake_target' from command line to 'None'
[0.216s] Level 5:colcon.colcon_core.verb:set package 'learning_action_cpp' build argument 'cmake_target_skip_unavailable' from command line to 'False'
[0.216s] Level 5:colcon.colcon_core.verb:set package 'learning_action_cpp' build argument 'cmake_clean_cache' from command line to 'False'
[0.216s] Level 5:colcon.colcon_core.verb:set package 'learning_action_cpp' build argument 'cmake_clean_first' from command line to 'False'
[0.216s] Level 5:colcon.colcon_core.verb:set package 'learning_action_cpp' build argument 'cmake_force_configure' from command line to 'False'
[0.216s] Level 5:colcon.colcon_core.verb:set package 'learning_action_cpp' build argument 'ament_cmake_args' from command line to 'None'
[0.216s] Level 5:colcon.colcon_core.verb:set package 'learning_action_cpp' build argument 'catkin_cmake_args' from command line to 'None'
[0.216s] Level 5:colcon.colcon_core.verb:set package 'learning_action_cpp' build argument 'catkin_skip_building_tests' from command line to 'False'
[0.216s] DEBUG:colcon.colcon_core.verb:Building package 'learning_action_cpp' with the following arguments: {'ament_cmake_args': None, 'build_base': '/home/intel/example_ws/build/learning_action_cpp', 'catkin_cmake_args': None, 'catkin_skip_building_tests': False, 'cmake_args': None, 'cmake_clean_cache': False, 'cmake_clean_first': False, 'cmake_force_configure': False, 'cmake_target': None, 'cmake_target_skip_unavailable': False, 'install_base': '/home/intel/example_ws/install/learning_action_cpp', 'merge_install': False, 'path': '/home/intel/example_ws/src/ros2_21_tutorials/learning_action_cpp', 'symlink_install': False, 'test_result_base': None}
[0.216s] Level 5:colcon.colcon_core.verb:set package 'learning_service' build argument 'cmake_args' from command line to 'None'
[0.216s] Level 5:colcon.colcon_core.verb:set package 'learning_service' build argument 'cmake_target' from command line to 'None'
[0.216s] Level 5:colcon.colcon_core.verb:set package 'learning_service' build argument 'cmake_target_skip_unavailable' from command line to 'False'
[0.216s] Level 5:colcon.colcon_core.verb:set package 'learning_service' build argument 'cmake_clean_cache' from command line to 'False'
[0.216s] Level 5:colcon.colcon_core.verb:set package 'learning_service' build argument 'cmake_clean_first' from command line to 'False'
[0.216s] Level 5:colcon.colcon_core.verb:set package 'learning_service' build argument 'cmake_force_configure' from command line to 'False'
[0.216s] Level 5:colcon.colcon_core.verb:set package 'learning_service' build argument 'ament_cmake_args' from command line to 'None'
[0.216s] Level 5:colcon.colcon_core.verb:set package 'learning_service' build argument 'catkin_cmake_args' from command line to 'None'
[0.216s] Level 5:colcon.colcon_core.verb:set package 'learning_service' build argument 'catkin_skip_building_tests' from command line to 'False'
[0.216s] DEBUG:colcon.colcon_core.verb:Building package 'learning_service' with the following arguments: {'ament_cmake_args': None, 'build_base': '/home/intel/example_ws/build/learning_service', 'catkin_cmake_args': None, 'catkin_skip_building_tests': False, 'cmake_args': None, 'cmake_clean_cache': False, 'cmake_clean_first': False, 'cmake_force_configure': False, 'cmake_target': None, 'cmake_target_skip_unavailable': False, 'install_base': '/home/intel/example_ws/install/learning_service', 'merge_install': False, 'path': '/home/intel/example_ws/src/ros2_21_tutorials/learning_service', 'symlink_install': False, 'test_result_base': None}
[0.216s] Level 5:colcon.colcon_core.verb:set package 'learning_service_cpp' build argument 'cmake_args' from command line to 'None'
[0.216s] Level 5:colcon.colcon_core.verb:set package 'learning_service_cpp' build argument 'cmake_target' from command line to 'None'
[0.216s] Level 5:colcon.colcon_core.verb:set package 'learning_service_cpp' build argument 'cmake_target_skip_unavailable' from command line to 'False'
[0.216s] Level 5:colcon.colcon_core.verb:set package 'learning_service_cpp' build argument 'cmake_clean_cache' from command line to 'False'
[0.216s] Level 5:colcon.colcon_core.verb:set package 'learning_service_cpp' build argument 'cmake_clean_first' from command line to 'False'
[0.216s] Level 5:colcon.colcon_core.verb:set package 'learning_service_cpp' build argument 'cmake_force_configure' from command line to 'False'
[0.216s] Level 5:colcon.colcon_core.verb:set package 'learning_service_cpp' build argument 'ament_cmake_args' from command line to 'None'
[0.216s] Level 5:colcon.colcon_core.verb:set package 'learning_service_cpp' build argument 'catkin_cmake_args' from command line to 'None'
[0.216s] Level 5:colcon.colcon_core.verb:set package 'learning_service_cpp' build argument 'catkin_skip_building_tests' from command line to 'False'
[0.216s] DEBUG:colcon.colcon_core.verb:Building package 'learning_service_cpp' with the following arguments: {'ament_cmake_args': None, 'build_base': '/home/intel/example_ws/build/learning_service_cpp', 'catkin_cmake_args': None, 'catkin_skip_building_tests': False, 'cmake_args': None, 'cmake_clean_cache': False, 'cmake_clean_first': False, 'cmake_force_configure': False, 'cmake_target': None, 'cmake_target_skip_unavailable': False, 'install_base': '/home/intel/example_ws/install/learning_service_cpp', 'merge_install': False, 'path': '/home/intel/example_ws/src/ros2_21_tutorials/learning_service_cpp', 'symlink_install': False, 'test_result_base': None}
[0.216s] Level 5:colcon.colcon_core.verb:set package 'learning_topic' build argument 'cmake_args' from command line to 'None'
[0.216s] Level 5:colcon.colcon_core.verb:set package 'learning_topic' build argument 'cmake_target' from command line to 'None'
[0.216s] Level 5:colcon.colcon_core.verb:set package 'learning_topic' build argument 'cmake_target_skip_unavailable' from command line to 'False'
[0.216s] Level 5:colcon.colcon_core.verb:set package 'learning_topic' build argument 'cmake_clean_cache' from command line to 'False'
[0.216s] Level 5:colcon.colcon_core.verb:set package 'learning_topic' build argument 'cmake_clean_first' from command line to 'False'
[0.216s] Level 5:colcon.colcon_core.verb:set package 'learning_topic' build argument 'cmake_force_configure' from command line to 'False'
[0.216s] Level 5:colcon.colcon_core.verb:set package 'learning_topic' build argument 'ament_cmake_args' from command line to 'None'
[0.216s] Level 5:colcon.colcon_core.verb:set package 'learning_topic' build argument 'catkin_cmake_args' from command line to 'None'
[0.216s] Level 5:colcon.colcon_core.verb:set package 'learning_topic' build argument 'catkin_skip_building_tests' from command line to 'False'
[0.216s] DEBUG:colcon.colcon_core.verb:Building package 'learning_topic' with the following arguments: {'ament_cmake_args': None, 'build_base': '/home/intel/example_ws/build/learning_topic', 'catkin_cmake_args': None, 'catkin_skip_building_tests': False, 'cmake_args': None, 'cmake_clean_cache': False, 'cmake_clean_first': False, 'cmake_force_configure': False, 'cmake_target': None, 'cmake_target_skip_unavailable': False, 'install_base': '/home/intel/example_ws/install/learning_topic', 'merge_install': False, 'path': '/home/intel/example_ws/src/ros2_21_tutorials/learning_topic', 'symlink_install': False, 'test_result_base': None}
[0.216s] INFO:colcon.colcon_core.executor:Executing jobs using 'parallel' executor
[0.217s] DEBUG:colcon.colcon_parallel_executor.executor.parallel:run_until_complete
[0.217s] INFO:colcon.colcon_ros.task.ament_cmake.build:Building ROS package in '/home/intel/example_ws/src/ros2_21_tutorials/learning_interface' with build type 'ament_cmake'
[0.217s] INFO:colcon.colcon_cmake.task.cmake.build:Building CMake package in '/home/intel/example_ws/src/ros2_21_tutorials/learning_interface'
[0.224s] INFO:colcon.colcon_core.plugin_system:Skipping extension 'colcon_core.shell.bat': Not used on non-Windows systems
[0.224s] INFO:colcon.colcon_core.shell:Skip shell extension 'powershell' for command environment: Not usable outside of PowerShell
[0.224s] DEBUG:colcon.colcon_core.shell:Skip shell extension 'dsv' for command environment
[0.229s] INFO:colcon.colcon_ros.task.ament_python.build:Building ROS package in '/home/intel/example_ws/src/ros2_21_tutorials/learning_cv' with build type 'ament_python'
[0.230s] Level 1:colcon.colcon_core.shell:create_environment_hook('learning_cv', 'ament_prefix_path')
[0.230s] INFO:colcon.colcon_core.shell:Creating environment hook '/home/intel/example_ws/install/learning_cv/share/learning_cv/hook/ament_prefix_path.ps1'
[0.231s] INFO:colcon.colcon_core.shell:Creating environment descriptor '/home/intel/example_ws/install/learning_cv/share/learning_cv/hook/ament_prefix_path.dsv'
[0.232s] INFO:colcon.colcon_core.shell:Creating environment hook '/home/intel/example_ws/install/learning_cv/share/learning_cv/hook/ament_prefix_path.sh'
[0.233s] INFO:colcon.colcon_core.shell:Skip shell extension 'powershell' for command environment: Not usable outside of PowerShell
[0.233s] DEBUG:colcon.colcon_core.shell:Skip shell extension 'dsv' for command environment
[0.237s] INFO:colcon.colcon_ros.task.ament_python.build:Building ROS package in '/home/intel/example_ws/src/ros2_21_tutorials/learning_gazebo_harmonic' with build type 'ament_python'
[0.237s] Level 1:colcon.colcon_core.shell:create_environment_hook('learning_gazebo_harmonic', 'ament_prefix_path')
[0.237s] INFO:colcon.colcon_core.shell:Creating environment hook '/home/intel/example_ws/install/learning_gazebo_harmonic/share/learning_gazebo_harmonic/hook/ament_prefix_path.ps1'
[0.238s] INFO:colcon.colcon_core.shell:Creating environment descriptor '/home/intel/example_ws/install/learning_gazebo_harmonic/share/learning_gazebo_harmonic/hook/ament_prefix_path.dsv'
[0.238s] INFO:colcon.colcon_core.shell:Creating environment hook '/home/intel/example_ws/install/learning_gazebo_harmonic/share/learning_gazebo_harmonic/hook/ament_prefix_path.sh'
[0.239s] INFO:colcon.colcon_core.shell:Skip shell extension 'powershell' for command environment: Not usable outside of PowerShell
[0.239s] DEBUG:colcon.colcon_core.shell:Skip shell extension 'dsv' for command environment
[0.243s] INFO:colcon.colcon_ros.task.ament_python.build:Building ROS package in '/home/intel/example_ws/src/ros2_21_tutorials/learning_launch' with build type 'ament_python'
[0.243s] Level 1:colcon.colcon_core.shell:create_environment_hook('learning_launch', 'ament_prefix_path')
[0.243s] INFO:colcon.colcon_core.shell:Creating environment hook '/home/intel/example_ws/install/learning_launch/share/learning_launch/hook/ament_prefix_path.ps1'
[0.243s] INFO:colcon.colcon_core.shell:Creating environment descriptor '/home/intel/example_ws/install/learning_launch/share/learning_launch/hook/ament_prefix_path.dsv'
[0.244s] INFO:colcon.colcon_core.shell:Creating environment hook '/home/intel/example_ws/install/learning_launch/share/learning_launch/hook/ament_prefix_path.sh'
[0.244s] INFO:colcon.colcon_core.shell:Skip shell extension 'powershell' for command environment: Not usable outside of PowerShell
[0.244s] DEBUG:colcon.colcon_core.shell:Skip shell extension 'dsv' for command environment
[0.247s] INFO:colcon.colcon_ros.task.ament_python.build:Building ROS package in '/home/intel/example_ws/src/ros2_21_tutorials/learning_node' with build type 'ament_python'
[0.247s] Level 1:colcon.colcon_core.shell:create_environment_hook('learning_node', 'ament_prefix_path')
[0.247s] INFO:colcon.colcon_core.shell:Creating environment hook '/home/intel/example_ws/install/learning_node/share/learning_node/hook/ament_prefix_path.ps1'
[0.248s] INFO:colcon.colcon_core.shell:Creating environment descriptor '/home/intel/example_ws/install/learning_node/share/learning_node/hook/ament_prefix_path.dsv'
[0.249s] INFO:colcon.colcon_core.shell:Creating environment hook '/home/intel/example_ws/install/learning_node/share/learning_node/hook/ament_prefix_path.sh'
[0.250s] INFO:colcon.colcon_core.shell:Skip shell extension 'powershell' for command environment: Not usable outside of PowerShell
[0.250s] DEBUG:colcon.colcon_core.shell:Skip shell extension 'dsv' for command environment
[0.256s] INFO:colcon.colcon_ros.task.ament_cmake.build:Building ROS package in '/home/intel/example_ws/src/ros2_21_tutorials/learning_node_cpp' with build type 'ament_cmake'
[0.257s] INFO:colcon.colcon_cmake.task.cmake.build:Building CMake package in '/home/intel/example_ws/src/ros2_21_tutorials/learning_node_cpp'
[0.257s] INFO:colcon.colcon_core.shell:Skip shell extension 'powershell' for command environment: Not usable outside of PowerShell
[0.257s] DEBUG:colcon.colcon_core.shell:Skip shell extension 'dsv' for command environment
[0.262s] INFO:colcon.colcon_ros.task.ament_python.build:Building ROS package in '/home/intel/example_ws/src/ros2_21_tutorials/learning_parameter' with build type 'ament_python'
[0.262s] Level 1:colcon.colcon_core.shell:create_environment_hook('learning_parameter', 'ament_prefix_path')
[0.262s] INFO:colcon.colcon_core.shell:Creating environment hook '/home/intel/example_ws/install/learning_parameter/share/learning_parameter/hook/ament_prefix_path.ps1'
[0.263s] INFO:colcon.colcon_core.shell:Creating environment descriptor '/home/intel/example_ws/install/learning_parameter/share/learning_parameter/hook/ament_prefix_path.dsv'
[0.263s] INFO:colcon.colcon_core.shell:Creating environment hook '/home/intel/example_ws/install/learning_parameter/share/learning_parameter/hook/ament_prefix_path.sh'
[0.264s] INFO:colcon.colcon_core.shell:Skip shell extension 'powershell' for command environment: Not usable outside of PowerShell
[0.264s] DEBUG:colcon.colcon_core.shell:Skip shell extension 'dsv' for command environment
[0.267s] INFO:colcon.colcon_ros.task.ament_cmake.build:Building ROS package in '/home/intel/example_ws/src/ros2_21_tutorials/learning_parameter_cpp' with build type 'ament_cmake'
[0.267s] INFO:colcon.colcon_cmake.task.cmake.build:Building CMake package in '/home/intel/example_ws/src/ros2_21_tutorials/learning_parameter_cpp'
[0.268s] INFO:colcon.colcon_core.shell:Skip shell extension 'powershell' for command environment: Not usable outside of PowerShell
[0.268s] DEBUG:colcon.colcon_core.shell:Skip shell extension 'dsv' for command environment
[0.270s] INFO:colcon.colcon_ros.task.ament_cmake.build:Building ROS package in '/home/intel/example_ws/src/ros2_21_tutorials/learning_pkg_c' with build type 'ament_cmake'
[0.270s] INFO:colcon.colcon_cmake.task.cmake.build:Building CMake package in '/home/intel/example_ws/src/ros2_21_tutorials/learning_pkg_c'
[0.270s] INFO:colcon.colcon_core.shell:Skip shell extension 'powershell' for command environment: Not usable outside of PowerShell
[0.270s] DEBUG:colcon.colcon_core.shell:Skip shell extension 'dsv' for command environment
[0.273s] INFO:colcon.colcon_ros.task.ament_python.build:Building ROS package in '/home/intel/example_ws/src/ros2_21_tutorials/learning_pkg_python' with build type 'ament_python'
[0.273s] Level 1:colcon.colcon_core.shell:create_environment_hook('learning_pkg_python', 'ament_prefix_path')
[0.273s] INFO:colcon.colcon_core.shell:Creating environment hook '/home/intel/example_ws/install/learning_pkg_python/share/learning_pkg_python/hook/ament_prefix_path.ps1'
[0.274s] INFO:colcon.colcon_core.shell:Creating environment descriptor '/home/intel/example_ws/install/learning_pkg_python/share/learning_pkg_python/hook/ament_prefix_path.dsv'
[0.275s] INFO:colcon.colcon_core.shell:Creating environment hook '/home/intel/example_ws/install/learning_pkg_python/share/learning_pkg_python/hook/ament_prefix_path.sh'
[0.276s] INFO:colcon.colcon_core.shell:Skip shell extension 'powershell' for command environment: Not usable outside of PowerShell
[0.276s] DEBUG:colcon.colcon_core.shell:Skip shell extension 'dsv' for command environment
[0.282s] INFO:colcon.colcon_ros.task.ament_python.build:Building ROS package in '/home/intel/example_ws/src/ros2_21_tutorials/learning_qos' with build type 'ament_python'
[0.282s] Level 1:colcon.colcon_core.shell:create_environment_hook('learning_qos', 'ament_prefix_path')
[0.282s] INFO:colcon.colcon_core.shell:Creating environment hook '/home/intel/example_ws/install/learning_qos/share/learning_qos/hook/ament_prefix_path.ps1'
[0.283s] INFO:colcon.colcon_core.shell:Creating environment descriptor '/home/intel/example_ws/install/learning_qos/share/learning_qos/hook/ament_prefix_path.dsv'
[0.284s] INFO:colcon.colcon_core.shell:Creating environment hook '/home/intel/example_ws/install/learning_qos/share/learning_qos/hook/ament_prefix_path.sh'
[0.285s] INFO:colcon.colcon_core.shell:Skip shell extension 'powershell' for command environment: Not usable outside of PowerShell
[0.285s] DEBUG:colcon.colcon_core.shell:Skip shell extension 'dsv' for command environment
[0.289s] INFO:colcon.colcon_ros.task.ament_python.build:Building ROS package in '/home/intel/example_ws/src/ros2_21_tutorials/learning_tf' with build type 'ament_python'
[0.289s] Level 1:colcon.colcon_core.shell:create_environment_hook('learning_tf', 'ament_prefix_path')
[0.289s] INFO:colcon.colcon_core.shell:Creating environment hook '/home/intel/example_ws/install/learning_tf/share/learning_tf/hook/ament_prefix_path.ps1'
[0.290s] INFO:colcon.colcon_core.shell:Creating environment descriptor '/home/intel/example_ws/install/learning_tf/share/learning_tf/hook/ament_prefix_path.dsv'
[0.291s] INFO:colcon.colcon_core.shell:Creating environment hook '/home/intel/example_ws/install/learning_tf/share/learning_tf/hook/ament_prefix_path.sh'
[0.291s] INFO:colcon.colcon_core.shell:Skip shell extension 'powershell' for command environment: Not usable outside of PowerShell
[0.291s] DEBUG:colcon.colcon_core.shell:Skip shell extension 'dsv' for command environment
[0.294s] INFO:colcon.colcon_ros.task.ament_cmake.build:Building ROS package in '/home/intel/example_ws/src/ros2_21_tutorials/learning_tf_cpp' with build type 'ament_cmake'
[0.294s] INFO:colcon.colcon_cmake.task.cmake.build:Building CMake package in '/home/intel/example_ws/src/ros2_21_tutorials/learning_tf_cpp'
[0.295s] INFO:colcon.colcon_core.shell:Skip shell extension 'powershell' for command environment: Not usable outside of PowerShell
[0.295s] DEBUG:colcon.colcon_core.shell:Skip shell extension 'dsv' for command environment
[0.297s] INFO:colcon.colcon_ros.task.ament_cmake.build:Building ROS package in '/home/intel/example_ws/src/ros2_21_tutorials/learning_topic_cpp' with build type 'ament_cmake'
[0.297s] INFO:colcon.colcon_cmake.task.cmake.build:Building CMake package in '/home/intel/example_ws/src/ros2_21_tutorials/learning_topic_cpp'
[0.297s] INFO:colcon.colcon_core.shell:Skip shell extension 'powershell' for command environment: Not usable outside of PowerShell
[0.297s] DEBUG:colcon.colcon_core.shell:Skip shell extension 'dsv' for command environment
[0.303s] DEBUG:colcon.colcon_core.event_handler.log_command:Invoking command in '/home/intel/example_ws/build/learning_interface': CMAKE_PREFIX_PATH=${CMAKE_PREFIX_PATH}:/opt/ros/jazzy DEBUGINFOD_URLS=https://debuginfod.ubuntu.com /usr/bin/cmake /home/intel/example_ws/src/ros2_21_tutorials/learning_interface -DCMAKE_INSTALL_PREFIX=/home/intel/example_ws/install/learning_interface
[0.438s] INFO:colcon.colcon_core.task.python.build:Building Python package in '/home/intel/example_ws/src/ros2_21_tutorials/learning_cv'
[0.439s] INFO:colcon.colcon_core.shell:Skip shell extension 'powershell' for command environment: Not usable outside of PowerShell
[0.439s] DEBUG:colcon.colcon_core.shell:Skip shell extension 'dsv' for command environment
[0.562s] INFO:colcon.colcon_core.task.python.build:Building Python package in '/home/intel/example_ws/src/ros2_21_tutorials/learning_gazebo_harmonic'
[0.562s] INFO:colcon.colcon_core.shell:Skip shell extension 'powershell' for command environment: Not usable outside of PowerShell
[0.563s] DEBUG:colcon.colcon_core.shell:Skip shell extension 'dsv' for command environment
[0.677s] INFO:colcon.colcon_core.task.python.build:Building Python package in '/home/intel/example_ws/src/ros2_21_tutorials/learning_launch'
[0.678s] INFO:colcon.colcon_core.shell:Skip shell extension 'powershell' for command environment: Not usable outside of PowerShell
[0.678s] DEBUG:colcon.colcon_core.shell:Skip shell extension 'dsv' for command environment
[0.816s] INFO:colcon.colcon_core.task.python.build:Building Python package in '/home/intel/example_ws/src/ros2_21_tutorials/learning_node'
[0.817s] INFO:colcon.colcon_core.shell:Skip shell extension 'powershell' for command environment: Not usable outside of PowerShell
[0.817s] DEBUG:colcon.colcon_core.shell:Skip shell extension 'dsv' for command environment
[0.825s] DEBUG:colcon.colcon_core.event_handler.log_command:Invoking command in '/home/intel/example_ws/build/learning_node_cpp': CMAKE_PREFIX_PATH=${CMAKE_PREFIX_PATH}:/opt/ros/jazzy DEBUGINFOD_URLS=https://debuginfod.ubuntu.com /usr/bin/cmake /home/intel/example_ws/src/ros2_21_tutorials/learning_node_cpp -DCMAKE_INSTALL_PREFIX=/home/intel/example_ws/install/learning_node_cpp
[1.024s] INFO:colcon.colcon_core.task.python.build:Building Python package in '/home/intel/example_ws/src/ros2_21_tutorials/learning_parameter'
[1.025s] INFO:colcon.colcon_core.shell:Skip shell extension 'powershell' for command environment: Not usable outside of PowerShell
[1.025s] DEBUG:colcon.colcon_core.shell:Skip shell extension 'dsv' for command environment
[1.033s] DEBUG:colcon.colcon_core.event_handler.log_command:Invoking command in '/home/intel/example_ws/build/learning_parameter_cpp': CMAKE_PREFIX_PATH=${CMAKE_PREFIX_PATH}:/opt/ros/jazzy DEBUGINFOD_URLS=https://debuginfod.ubuntu.com /usr/bin/cmake /home/intel/example_ws/src/ros2_21_tutorials/learning_parameter_cpp -DCMAKE_INSTALL_PREFIX=/home/intel/example_ws/install/learning_parameter_cpp
[1.035s] DEBUG:colcon.colcon_core.event_handler.log_command:Invoking command in '/home/intel/example_ws/build/learning_pkg_c': CMAKE_PREFIX_PATH=${CMAKE_PREFIX_PATH}:/opt/ros/jazzy DEBUGINFOD_URLS=https://debuginfod.ubuntu.com /usr/bin/cmake /home/intel/example_ws/src/ros2_21_tutorials/learning_pkg_c -DCMAKE_INSTALL_PREFIX=/home/intel/example_ws/install/learning_pkg_c
[1.214s] INFO:colcon.colcon_core.task.python.build:Building Python package in '/home/intel/example_ws/src/ros2_21_tutorials/learning_pkg_python'
[1.215s] INFO:colcon.colcon_core.shell:Skip shell extension 'powershell' for command environment: Not usable outside of PowerShell
[1.215s] DEBUG:colcon.colcon_core.shell:Skip shell extension 'dsv' for command environment
[1.346s] INFO:colcon.colcon_core.task.python.build:Building Python package in '/home/intel/example_ws/src/ros2_21_tutorials/learning_qos'
[1.347s] INFO:colcon.colcon_core.shell:Skip shell extension 'powershell' for command environment: Not usable outside of PowerShell
[1.347s] DEBUG:colcon.colcon_core.shell:Skip shell extension 'dsv' for command environment
[1.475s] INFO:colcon.colcon_core.task.python.build:Building Python package in '/home/intel/example_ws/src/ros2_21_tutorials/learning_tf'
[1.475s] INFO:colcon.colcon_core.shell:Skip shell extension 'powershell' for command environment: Not usable outside of PowerShell
[1.475s] DEBUG:colcon.colcon_core.shell:Skip shell extension 'dsv' for command environment
[1.480s] DEBUG:colcon.colcon_core.event_handler.log_command:Invoking command in '/home/intel/example_ws/build/learning_tf_cpp': CMAKE_PREFIX_PATH=${CMAKE_PREFIX_PATH}:/opt/ros/jazzy DEBUGINFOD_URLS=https://debuginfod.ubuntu.com /usr/bin/cmake /home/intel/example_ws/src/ros2_21_tutorials/learning_tf_cpp -DCMAKE_INSTALL_PREFIX=/home/intel/example_ws/install/learning_tf_cpp
[1.490s] DEBUG:colcon.colcon_core.event_handler.log_command:Invoking command in '/home/intel/example_ws/build/learning_topic_cpp': CMAKE_PREFIX_PATH=${CMAKE_PREFIX_PATH}:/opt/ros/jazzy DEBUGINFOD_URLS=https://debuginfod.ubuntu.com /usr/bin/cmake /home/intel/example_ws/src/ros2_21_tutorials/learning_topic_cpp -DCMAKE_INSTALL_PREFIX=/home/intel/example_ws/install/learning_topic_cpp
[1.851s] DEBUG:colcon.colcon_core.event_handler.log_command:Invoked command in '/home/intel/example_ws/build/learning_pkg_c' returned '0': CMAKE_PREFIX_PATH=${CMAKE_PREFIX_PATH}:/opt/ros/jazzy DEBUGINFOD_URLS=https://debuginfod.ubuntu.com /usr/bin/cmake /home/intel/example_ws/src/ros2_21_tutorials/learning_pkg_c -DCMAKE_INSTALL_PREFIX=/home/intel/example_ws/install/learning_pkg_c
[1.851s] DEBUG:colcon.colcon_core.event_handler.log_command:Invoking command in '/home/intel/example_ws/build/learning_pkg_c': CMAKE_PREFIX_PATH=${CMAKE_PREFIX_PATH}:/opt/ros/jazzy DEBUGINFOD_URLS=https://debuginfod.ubuntu.com /usr/bin/cmake --build /home/intel/example_ws/build/learning_pkg_c -- -j14 -l14
[1.899s] DEBUG:colcon.colcon_core.event_handler.log_command:Invoked command in '/home/intel/example_ws/build/learning_pkg_c' returned '0': CMAKE_PREFIX_PATH=${CMAKE_PREFIX_PATH}:/opt/ros/jazzy DEBUGINFOD_URLS=https://debuginfod.ubuntu.com /usr/bin/cmake --build /home/intel/example_ws/build/learning_pkg_c -- -j14 -l14
[1.909s] DEBUG:colcon.colcon_core.event_handler.log_command:Invoking command in '/home/intel/example_ws/build/learning_pkg_c': CMAKE_PREFIX_PATH=${CMAKE_PREFIX_PATH}:/opt/ros/jazzy DEBUGINFOD_URLS=https://debuginfod.ubuntu.com /usr/bin/cmake --install /home/intel/example_ws/build/learning_pkg_c
[1.921s] Level 1:colcon.colcon_core.environment:create_environment_scripts_only(learning_pkg_c)
[1.921s] DEBUG:colcon.colcon_core.event_handler.log_command:Invoked command in '/home/intel/example_ws/build/learning_pkg_c' returned '0': CMAKE_PREFIX_PATH=${CMAKE_PREFIX_PATH}:/opt/ros/jazzy DEBUGINFOD_URLS=https://debuginfod.ubuntu.com /usr/bin/cmake --install /home/intel/example_ws/build/learning_pkg_c
[1.928s] Level 1:colcon.colcon_core.environment:checking '/home/intel/example_ws/install/learning_pkg_c' for CMake module files
[1.929s] Level 1:colcon.colcon_core.environment:checking '/home/intel/example_ws/install/learning_pkg_c' for CMake config files
[1.929s] Level 1:colcon.colcon_core.shell:create_environment_hook('learning_pkg_c', 'cmake_prefix_path')
[1.929s] INFO:colcon.colcon_core.shell:Creating environment hook '/home/intel/example_ws/install/learning_pkg_c/share/learning_pkg_c/hook/cmake_prefix_path.ps1'
[1.929s] INFO:colcon.colcon_core.shell:Creating environment descriptor '/home/intel/example_ws/install/learning_pkg_c/share/learning_pkg_c/hook/cmake_prefix_path.dsv'
[1.930s] INFO:colcon.colcon_core.shell:Creating environment hook '/home/intel/example_ws/install/learning_pkg_c/share/learning_pkg_c/hook/cmake_prefix_path.sh'
[1.930s] Level 1:colcon.colcon_core.environment:checking '/home/intel/example_ws/install/learning_pkg_c/bin'
[1.931s] Level 1:colcon.colcon_core.environment:checking '/home/intel/example_ws/install/learning_pkg_c/lib/pkgconfig/learning_pkg_c.pc'
[1.931s] Level 1:colcon.colcon_core.environment:checking '/home/intel/example_ws/install/learning_pkg_c/lib/python3.12/site-packages'
[1.931s] Level 1:colcon.colcon_core.environment:checking '/home/intel/example_ws/install/learning_pkg_c/bin'
[1.931s] INFO:colcon.colcon_core.shell:Creating package script '/home/intel/example_ws/install/learning_pkg_c/share/learning_pkg_c/package.ps1'
[1.933s] INFO:colcon.colcon_core.shell:Creating package descriptor '/home/intel/example_ws/install/learning_pkg_c/share/learning_pkg_c/package.dsv'
[1.933s] INFO:colcon.colcon_core.shell:Creating package script '/home/intel/example_ws/install/learning_pkg_c/share/learning_pkg_c/package.sh'
[1.934s] INFO:colcon.colcon_core.shell:Creating package script '/home/intel/example_ws/install/learning_pkg_c/share/learning_pkg_c/package.bash'
[1.936s] INFO:colcon.colcon_core.shell:Creating package script '/home/intel/example_ws/install/learning_pkg_c/share/learning_pkg_c/package.zsh'
[1.937s] Level 1:colcon.colcon_core.environment:create_file_with_runtime_dependencies(/home/intel/example_ws/install/learning_pkg_c/share/colcon-core/packages/learning_pkg_c)
[1.938s] Level 1:colcon.colcon_core.environment:create_environment_scripts_only(learning_pkg_c)
[1.938s] Level 1:colcon.colcon_core.environment:checking '/home/intel/example_ws/install/learning_pkg_c' for CMake module files
[1.939s] Level 1:colcon.colcon_core.environment:checking '/home/intel/example_ws/install/learning_pkg_c' for CMake config files
[1.939s] Level 1:colcon.colcon_core.shell:create_environment_hook('learning_pkg_c', 'cmake_prefix_path')
[1.939s] INFO:colcon.colcon_core.shell:Creating environment hook '/home/intel/example_ws/install/learning_pkg_c/share/learning_pkg_c/hook/cmake_prefix_path.ps1'
[1.940s] INFO:colcon.colcon_core.shell:Creating environment descriptor '/home/intel/example_ws/install/learning_pkg_c/share/learning_pkg_c/hook/cmake_prefix_path.dsv'
[1.940s] INFO:colcon.colcon_core.shell:Creating environment hook '/home/intel/example_ws/install/learning_pkg_c/share/learning_pkg_c/hook/cmake_prefix_path.sh'
[1.941s] Level 1:colcon.colcon_core.environment:checking '/home/intel/example_ws/install/learning_pkg_c/bin'
[1.941s] Level 1:colcon.colcon_core.environment:checking '/home/intel/example_ws/install/learning_pkg_c/lib/pkgconfig/learning_pkg_c.pc'
[1.941s] Level 1:colcon.colcon_core.environment:checking '/home/intel/example_ws/install/learning_pkg_c/lib/python3.12/site-packages'
[1.942s] Level 1:colcon.colcon_core.environment:checking '/home/intel/example_ws/install/learning_pkg_c/bin'
[1.942s] INFO:colcon.colcon_core.shell:Creating package script '/home/intel/example_ws/install/learning_pkg_c/share/learning_pkg_c/package.ps1'
[1.943s] INFO:colcon.colcon_core.shell:Creating package descriptor '/home/intel/example_ws/install/learning_pkg_c/share/learning_pkg_c/package.dsv'
[1.943s] INFO:colcon.colcon_core.shell:Creating package script '/home/intel/example_ws/install/learning_pkg_c/share/learning_pkg_c/package.sh'
[1.944s] INFO:colcon.colcon_core.shell:Creating package script '/home/intel/example_ws/install/learning_pkg_c/share/learning_pkg_c/package.bash'
[1.945s] INFO:colcon.colcon_core.shell:Creating package script '/home/intel/example_ws/install/learning_pkg_c/share/learning_pkg_c/package.zsh'
[1.946s] Level 1:colcon.colcon_core.environment:create_file_with_runtime_dependencies(/home/intel/example_ws/install/learning_pkg_c/share/colcon-core/packages/learning_pkg_c)
[1.946s] INFO:colcon.colcon_ros.task.ament_python.build:Building ROS package in '/home/intel/example_ws/src/ros2_21_tutorials/learning_urdf' with build type 'ament_python'
[1.946s] Level 1:colcon.colcon_core.shell:create_environment_hook('learning_urdf', 'ament_prefix_path')
[1.947s] INFO:colcon.colcon_core.shell:Creating environment hook '/home/intel/example_ws/install/learning_urdf/share/learning_urdf/hook/ament_prefix_path.ps1'
[1.948s] INFO:colcon.colcon_core.shell:Creating environment descriptor '/home/intel/example_ws/install/learning_urdf/share/learning_urdf/hook/ament_prefix_path.dsv'
[1.948s] INFO:colcon.colcon_core.shell:Creating environment hook '/home/intel/example_ws/install/learning_urdf/share/learning_urdf/hook/ament_prefix_path.sh'
[1.949s] INFO:colcon.colcon_core.shell:Skip shell extension 'powershell' for command environment: Not usable outside of PowerShell
[1.949s] DEBUG:colcon.colcon_core.shell:Skip shell extension 'dsv' for command environment
[2.206s] INFO:colcon.colcon_core.task.python.build:Building Python package in '/home/intel/example_ws/src/ros2_21_tutorials/learning_urdf'
[2.206s] INFO:colcon.colcon_core.shell:Skip shell extension 'powershell' for command environment: Not usable outside of PowerShell
[2.207s] DEBUG:colcon.colcon_core.shell:Skip shell extension 'dsv' for command environment
[2.215s] DEBUG:colcon.colcon_core.event_handler.log_command:Invoked command in '/home/intel/example_ws/build/learning_node_cpp' returned '0': CMAKE_PREFIX_PATH=${CMAKE_PREFIX_PATH}:/opt/ros/jazzy DEBUGINFOD_URLS=https://debuginfod.ubuntu.com /usr/bin/cmake /home/intel/example_ws/src/ros2_21_tutorials/learning_node_cpp -DCMAKE_INSTALL_PREFIX=/home/intel/example_ws/install/learning_node_cpp
[2.216s] DEBUG:colcon.colcon_core.event_handler.log_command:Invoking command in '/home/intel/example_ws/build/learning_node_cpp': CMAKE_PREFIX_PATH=${CMAKE_PREFIX_PATH}:/opt/ros/jazzy DEBUGINFOD_URLS=https://debuginfod.ubuntu.com /usr/bin/cmake --build /home/intel/example_ws/build/learning_node_cpp -- -j14 -l14
[2.251s] DEBUG:colcon.colcon_core.event_handler.log_command:Invoking command in '/home/intel/example_ws/src/ros2_21_tutorials/learning_gazebo_harmonic': DEBUGINFOD_URLS=https://debuginfod.ubuntu.com PYTHONPATH=/home/intel/example_ws/build/learning_gazebo_harmonic/prefix_override:/usr/lib/python3/dist-packages/colcon_core/task/python/colcon_distutils_commands:/home/intel/example_ws/install/learning_gazebo_harmonic/lib/python3.12/site-packages:${PYTHONPATH} /usr/bin/python3 -W ignore:setup.py install is deprecated -W ignore:easy_install command is deprecated setup.py egg_info --egg-base ../../../build/learning_gazebo_harmonic build --build-base /home/intel/example_ws/build/learning_gazebo_harmonic/build install --record /home/intel/example_ws/build/learning_gazebo_harmonic/install.log --single-version-externally-managed install_data
[2.281s] DEBUG:colcon.colcon_core.event_handler.log_command:Invoking command in '/home/intel/example_ws/src/ros2_21_tutorials/learning_cv': DEBUGINFOD_URLS=https://debuginfod.ubuntu.com PYTHONPATH=/home/intel/example_ws/build/learning_cv/prefix_override:/usr/lib/python3/dist-packages/colcon_core/task/python/colcon_distutils_commands:/home/intel/example_ws/install/learning_cv/lib/python3.12/site-packages:${PYTHONPATH} /usr/bin/python3 -W ignore:setup.py install is deprecated -W ignore:easy_install command is deprecated setup.py egg_info --egg-base ../../../build/learning_cv build --build-base /home/intel/example_ws/build/learning_cv/build install --record /home/intel/example_ws/build/learning_cv/install.log --single-version-externally-managed install_data
[2.293s] DEBUG:colcon.colcon_core.event_handler.log_command:Invoked command in '/home/intel/example_ws/build/learning_parameter_cpp' returned '0': CMAKE_PREFIX_PATH=${CMAKE_PREFIX_PATH}:/opt/ros/jazzy DEBUGINFOD_URLS=https://debuginfod.ubuntu.com /usr/bin/cmake /home/intel/example_ws/src/ros2_21_tutorials/learning_parameter_cpp -DCMAKE_INSTALL_PREFIX=/home/intel/example_ws/install/learning_parameter_cpp
[2.296s] DEBUG:colcon.colcon_core.event_handler.log_command:Invoking command in '/home/intel/example_ws/build/learning_parameter_cpp': CMAKE_PREFIX_PATH=${CMAKE_PREFIX_PATH}:/opt/ros/jazzy DEBUGINFOD_URLS=https://debuginfod.ubuntu.com /usr/bin/cmake --build /home/intel/example_ws/build/learning_parameter_cpp -- -j14 -l14
[2.305s] DEBUG:colcon.colcon_core.event_handler.log_command:Invoking command in '/home/intel/example_ws/src/ros2_21_tutorials/learning_parameter': DEBUGINFOD_URLS=https://debuginfod.ubuntu.com PYTHONPATH=/home/intel/example_ws/build/learning_parameter/prefix_override:/usr/lib/python3/dist-packages/colcon_core/task/python/colcon_distutils_commands:/home/intel/example_ws/install/learning_parameter/lib/python3.12/site-packages:${PYTHONPATH} /usr/bin/python3 -W ignore:setup.py install is deprecated -W ignore:easy_install command is deprecated setup.py egg_info --egg-base ../../../build/learning_parameter build --build-base /home/intel/example_ws/build/learning_parameter/build install --record /home/intel/example_ws/build/learning_parameter/install.log --single-version-externally-managed install_data
[2.315s] DEBUG:colcon.colcon_core.event_handler.log_command:Invoking command in '/home/intel/example_ws/src/ros2_21_tutorials/learning_pkg_python': DEBUGINFOD_URLS=https://debuginfod.ubuntu.com PYTHONPATH=/home/intel/example_ws/build/learning_pkg_python/prefix_override:/usr/lib/python3/dist-packages/colcon_core/task/python/colcon_distutils_commands:/home/intel/example_ws/install/learning_pkg_python/lib/python3.12/site-packages:${PYTHONPATH} /usr/bin/python3 -W ignore:setup.py install is deprecated -W ignore:easy_install command is deprecated setup.py egg_info --egg-base ../../../build/learning_pkg_python build --build-base /home/intel/example_ws/build/learning_pkg_python/build install --record /home/intel/example_ws/build/learning_pkg_python/install.log --single-version-externally-managed install_data
[2.318s] DEBUG:colcon.colcon_core.event_handler.log_command:Invoking command in '/home/intel/example_ws/src/ros2_21_tutorials/learning_launch': DEBUGINFOD_URLS=https://debuginfod.ubuntu.com PYTHONPATH=/home/intel/example_ws/build/learning_launch/prefix_override:/usr/lib/python3/dist-packages/colcon_core/task/python/colcon_distutils_commands:/home/intel/example_ws/install/learning_launch/lib/python3.12/site-packages:${PYTHONPATH} /usr/bin/python3 -W ignore:setup.py install is deprecated -W ignore:easy_install command is deprecated setup.py egg_info --egg-base ../../../build/learning_launch build --build-base /home/intel/example_ws/build/learning_launch/build install --record /home/intel/example_ws/build/learning_launch/install.log --single-version-externally-managed install_data
[2.329s] DEBUG:colcon.colcon_core.event_handler.log_command:Invoking command in '/home/intel/example_ws/src/ros2_21_tutorials/learning_qos': DEBUGINFOD_URLS=https://debuginfod.ubuntu.com PYTHONPATH=/home/intel/example_ws/build/learning_qos/prefix_override:/usr/lib/python3/dist-packages/colcon_core/task/python/colcon_distutils_commands:/home/intel/example_ws/install/learning_qos/lib/python3.12/site-packages:${PYTHONPATH} /usr/bin/python3 -W ignore:setup.py install is deprecated -W ignore:easy_install command is deprecated setup.py egg_info --egg-base ../../../build/learning_qos build --build-base /home/intel/example_ws/build/learning_qos/build install --record /home/intel/example_ws/build/learning_qos/install.log --single-version-externally-managed install_data
[2.340s] DEBUG:colcon.colcon_core.event_handler.log_command:Invoking command in '/home/intel/example_ws/src/ros2_21_tutorials/learning_node': DEBUGINFOD_URLS=https://debuginfod.ubuntu.com PYTHONPATH=/home/intel/example_ws/build/learning_node/prefix_override:/usr/lib/python3/dist-packages/colcon_core/task/python/colcon_distutils_commands:/home/intel/example_ws/install/learning_node/lib/python3.12/site-packages:${PYTHONPATH} /usr/bin/python3 -W ignore:setup.py install is deprecated -W ignore:easy_install command is deprecated setup.py egg_info --egg-base ../../../build/learning_node build --build-base /home/intel/example_ws/build/learning_node/build install --record /home/intel/example_ws/build/learning_node/install.log --single-version-externally-managed install_data
[2.407s] DEBUG:colcon.colcon_core.event_handler.log_command:Invoking command in '/home/intel/example_ws/src/ros2_21_tutorials/learning_tf': DEBUGINFOD_URLS=https://debuginfod.ubuntu.com PYTHONPATH=/home/intel/example_ws/build/learning_tf/prefix_override:/usr/lib/python3/dist-packages/colcon_core/task/python/colcon_distutils_commands:/home/intel/example_ws/install/learning_tf/lib/python3.12/site-packages:${PYTHONPATH} /usr/bin/python3 -W ignore:setup.py install is deprecated -W ignore:easy_install command is deprecated setup.py egg_info --egg-base ../../../build/learning_tf build --build-base /home/intel/example_ws/build/learning_tf/build install --record /home/intel/example_ws/build/learning_tf/install.log --single-version-externally-managed install_data
[2.838s] Level 1:colcon.colcon_core.environment:checking '/home/intel/example_ws/install/learning_pkg_python' for CMake module files
[2.838s] Level 1:colcon.colcon_core.environment:checking '/home/intel/example_ws/install/learning_pkg_python' for CMake config files
[2.839s] Level 1:colcon.colcon_core.environment:checking '/home/intel/example_ws/install/learning_pkg_python/lib'
[2.839s] Level 1:colcon.colcon_core.environment:checking '/home/intel/example_ws/install/learning_pkg_python/bin'
[2.839s] Level 1:colcon.colcon_core.environment:checking '/home/intel/example_ws/install/learning_pkg_python/lib/pkgconfig/learning_pkg_python.pc'
[2.839s] Level 1:colcon.colcon_core.environment:checking '/home/intel/example_ws/install/learning_pkg_python/lib/python3.12/site-packages'
[2.840s] Level 1:colcon.colcon_core.shell:create_environment_hook('learning_pkg_python', 'pythonpath')
[2.840s] INFO:colcon.colcon_core.shell:Creating environment hook '/home/intel/example_ws/install/learning_pkg_python/share/learning_pkg_python/hook/pythonpath.ps1'
[2.840s] INFO:colcon.colcon_core.shell:Creating environment descriptor '/home/intel/example_ws/install/learning_pkg_python/share/learning_pkg_python/hook/pythonpath.dsv'
[2.841s] INFO:colcon.colcon_core.shell:Creating environment hook '/home/intel/example_ws/install/learning_pkg_python/share/learning_pkg_python/hook/pythonpath.sh'
[2.841s] Level 1:colcon.colcon_core.environment:checking '/home/intel/example_ws/install/learning_pkg_python/bin'
[2.844s] DEBUG:colcon.colcon_core.event_handler.log_command:Invoked command in '/home/intel/example_ws/src/ros2_21_tutorials/learning_pkg_python' returned '0': DEBUGINFOD_URLS=https://debuginfod.ubuntu.com PYTHONPATH=/home/intel/example_ws/build/learning_pkg_python/prefix_override:/usr/lib/python3/dist-packages/colcon_core/task/python/colcon_distutils_commands:/home/intel/example_ws/install/learning_pkg_python/lib/python3.12/site-packages:${PYTHONPATH} /usr/bin/python3 -W ignore:setup.py install is deprecated -W ignore:easy_install command is deprecated setup.py egg_info --egg-base ../../../build/learning_pkg_python build --build-base /home/intel/example_ws/build/learning_pkg_python/build install --record /home/intel/example_ws/build/learning_pkg_python/install.log --single-version-externally-managed install_data
[2.844s] Level 1:colcon.colcon_core.environment:create_environment_scripts_only(learning_pkg_python)
[2.844s] INFO:colcon.colcon_core.shell:Creating package script '/home/intel/example_ws/install/learning_pkg_python/share/learning_pkg_python/package.ps1'
[2.845s] INFO:colcon.colcon_core.shell:Creating package descriptor '/home/intel/example_ws/install/learning_pkg_python/share/learning_pkg_python/package.dsv'
[2.845s] INFO:colcon.colcon_core.shell:Creating package script '/home/intel/example_ws/install/learning_pkg_python/share/learning_pkg_python/package.sh'
[2.846s] INFO:colcon.colcon_core.shell:Creating package script '/home/intel/example_ws/install/learning_pkg_python/share/learning_pkg_python/package.bash'
[2.846s] INFO:colcon.colcon_core.shell:Creating package script '/home/intel/example_ws/install/learning_pkg_python/share/learning_pkg_python/package.zsh'
[2.846s] Level 1:colcon.colcon_core.environment:create_file_with_runtime_dependencies(/home/intel/example_ws/install/learning_pkg_python/share/colcon-core/packages/learning_pkg_python)
[2.850s] Level 1:colcon.colcon_core.environment:checking '/home/intel/example_ws/install/learning_gazebo_harmonic' for CMake module files
[2.853s] DEBUG:colcon.colcon_core.event_handler.log_command:Invoked command in '/home/intel/example_ws/src/ros2_21_tutorials/learning_gazebo_harmonic' returned '0': DEBUGINFOD_URLS=https://debuginfod.ubuntu.com PYTHONPATH=/home/intel/example_ws/build/learning_gazebo_harmonic/prefix_override:/usr/lib/python3/dist-packages/colcon_core/task/python/colcon_distutils_commands:/home/intel/example_ws/install/learning_gazebo_harmonic/lib/python3.12/site-packages:${PYTHONPATH} /usr/bin/python3 -W ignore:setup.py install is deprecated -W ignore:easy_install command is deprecated setup.py egg_info --egg-base ../../../build/learning_gazebo_harmonic build --build-base /home/intel/example_ws/build/learning_gazebo_harmonic/build install --record /home/intel/example_ws/build/learning_gazebo_harmonic/install.log --single-version-externally-managed install_data
[2.853s] Level 1:colcon.colcon_core.environment:checking '/home/intel/example_ws/install/learning_gazebo_harmonic' for CMake config files
[2.853s] Level 1:colcon.colcon_core.environment:checking '/home/intel/example_ws/install/learning_gazebo_harmonic/lib'
[2.854s] Level 1:colcon.colcon_core.environment:checking '/home/intel/example_ws/install/learning_gazebo_harmonic/bin'
[2.854s] Level 1:colcon.colcon_core.environment:checking '/home/intel/example_ws/install/learning_gazebo_harmonic/lib/pkgconfig/learning_gazebo_harmonic.pc'
[2.854s] Level 1:colcon.colcon_core.environment:checking '/home/intel/example_ws/install/learning_gazebo_harmonic/lib/python3.12/site-packages'
[2.854s] Level 1:colcon.colcon_core.shell:create_environment_hook('learning_gazebo_harmonic', 'pythonpath')
[2.854s] INFO:colcon.colcon_core.shell:Creating environment hook '/home/intel/example_ws/install/learning_gazebo_harmonic/share/learning_gazebo_harmonic/hook/pythonpath.ps1'
[2.854s] INFO:colcon.colcon_core.shell:Creating environment descriptor '/home/intel/example_ws/install/learning_gazebo_harmonic/share/learning_gazebo_harmonic/hook/pythonpath.dsv'
[2.855s] INFO:colcon.colcon_core.shell:Creating environment hook '/home/intel/example_ws/install/learning_gazebo_harmonic/share/learning_gazebo_harmonic/hook/pythonpath.sh'
[2.855s] Level 1:colcon.colcon_core.environment:checking '/home/intel/example_ws/install/learning_gazebo_harmonic/bin'
[2.855s] Level 1:colcon.colcon_core.environment:create_environment_scripts_only(learning_gazebo_harmonic)
[2.856s] INFO:colcon.colcon_core.shell:Creating package script '/home/intel/example_ws/install/learning_gazebo_harmonic/share/learning_gazebo_harmonic/package.ps1'
[2.856s] INFO:colcon.colcon_core.shell:Creating package descriptor '/home/intel/example_ws/install/learning_gazebo_harmonic/share/learning_gazebo_harmonic/package.dsv'
[2.856s] INFO:colcon.colcon_core.shell:Creating package script '/home/intel/example_ws/install/learning_gazebo_harmonic/share/learning_gazebo_harmonic/package.sh'
[2.857s] INFO:colcon.colcon_core.shell:Creating package script '/home/intel/example_ws/install/learning_gazebo_harmonic/share/learning_gazebo_harmonic/package.bash'
[2.857s] INFO:colcon.colcon_core.shell:Creating package script '/home/intel/example_ws/install/learning_gazebo_harmonic/share/learning_gazebo_harmonic/package.zsh'
[2.857s] Level 1:colcon.colcon_core.environment:create_file_with_runtime_dependencies(/home/intel/example_ws/install/learning_gazebo_harmonic/share/colcon-core/packages/learning_gazebo_harmonic)
[2.866s] Level 1:colcon.colcon_core.environment:checking '/home/intel/example_ws/install/learning_cv' for CMake module files
[2.867s] DEBUG:colcon.colcon_core.event_handler.log_command:Invoked command in '/home/intel/example_ws/src/ros2_21_tutorials/learning_cv' returned '0': DEBUGINFOD_URLS=https://debuginfod.ubuntu.com PYTHONPATH=/home/intel/example_ws/build/learning_cv/prefix_override:/usr/lib/python3/dist-packages/colcon_core/task/python/colcon_distutils_commands:/home/intel/example_ws/install/learning_cv/lib/python3.12/site-packages:${PYTHONPATH} /usr/bin/python3 -W ignore:setup.py install is deprecated -W ignore:easy_install command is deprecated setup.py egg_info --egg-base ../../../build/learning_cv build --build-base /home/intel/example_ws/build/learning_cv/build install --record /home/intel/example_ws/build/learning_cv/install.log --single-version-externally-managed install_data
[2.867s] Level 1:colcon.colcon_core.environment:checking '/home/intel/example_ws/install/learning_cv' for CMake config files
[2.868s] Level 1:colcon.colcon_core.environment:checking '/home/intel/example_ws/install/learning_cv/lib'
[2.868s] Level 1:colcon.colcon_core.environment:checking '/home/intel/example_ws/install/learning_cv/bin'
[2.868s] Level 1:colcon.colcon_core.environment:checking '/home/intel/example_ws/install/learning_cv/lib/pkgconfig/learning_cv.pc'
[2.868s] Level 1:colcon.colcon_core.environment:checking '/home/intel/example_ws/install/learning_cv/lib/python3.12/site-packages'
[2.868s] Level 1:colcon.colcon_core.shell:create_environment_hook('learning_cv', 'pythonpath')
[2.869s] INFO:colcon.colcon_core.shell:Creating environment hook '/home/intel/example_ws/install/learning_cv/share/learning_cv/hook/pythonpath.ps1'
[2.869s] INFO:colcon.colcon_core.shell:Creating environment descriptor '/home/intel/example_ws/install/learning_cv/share/learning_cv/hook/pythonpath.dsv'
[2.870s] INFO:colcon.colcon_core.shell:Creating environment hook '/home/intel/example_ws/install/learning_cv/share/learning_cv/hook/pythonpath.sh'
[2.874s] Level 1:colcon.colcon_core.environment:checking '/home/intel/example_ws/install/learning_cv/bin'
[2.874s] Level 1:colcon.colcon_core.environment:create_environment_scripts_only(learning_cv)
[2.875s] INFO:colcon.colcon_core.shell:Creating package script '/home/intel/example_ws/install/learning_cv/share/learning_cv/package.ps1'
[2.878s] INFO:colcon.colcon_core.shell:Creating package descriptor '/home/intel/example_ws/install/learning_cv/share/learning_cv/package.dsv'
[2.878s] INFO:colcon.colcon_core.shell:Creating package script '/home/intel/example_ws/install/learning_cv/share/learning_cv/package.sh'
[2.879s] INFO:colcon.colcon_core.shell:Creating package script '/home/intel/example_ws/install/learning_cv/share/learning_cv/package.bash'
[2.880s] INFO:colcon.colcon_core.shell:Creating package script '/home/intel/example_ws/install/learning_cv/share/learning_cv/package.zsh'
[2.880s] Level 1:colcon.colcon_core.environment:create_file_with_runtime_dependencies(/home/intel/example_ws/install/learning_cv/share/colcon-core/packages/learning_cv)
[2.889s] Level 1:colcon.colcon_core.environment:checking '/home/intel/example_ws/install/learning_launch' for CMake module files
[2.890s] Level 1:colcon.colcon_core.environment:checking '/home/intel/example_ws/install/learning_launch' for CMake config files
[2.890s] Level 1:colcon.colcon_core.environment:checking '/home/intel/example_ws/install/learning_launch/lib'
[2.891s] Level 1:colcon.colcon_core.environment:checking '/home/intel/example_ws/install/learning_launch/bin'
[2.894s] Level 1:colcon.colcon_core.environment:checking '/home/intel/example_ws/install/learning_launch/lib/pkgconfig/learning_launch.pc'
[2.894s] Level 1:colcon.colcon_core.environment:checking '/home/intel/example_ws/install/learning_launch/lib/python3.12/site-packages'
[2.895s] Level 1:colcon.colcon_core.shell:create_environment_hook('learning_launch', 'pythonpath')
[2.895s] INFO:colcon.colcon_core.shell:Creating environment hook '/home/intel/example_ws/install/learning_launch/share/learning_launch/hook/pythonpath.ps1'
[2.894s] DEBUG:colcon.colcon_core.event_handler.log_command:Invoked command in '/home/intel/example_ws/src/ros2_21_tutorials/learning_launch' returned '0': DEBUGINFOD_URLS=https://debuginfod.ubuntu.com PYTHONPATH=/home/intel/example_ws/build/learning_launch/prefix_override:/usr/lib/python3/dist-packages/colcon_core/task/python/colcon_distutils_commands:/home/intel/example_ws/install/learning_launch/lib/python3.12/site-packages:${PYTHONPATH} /usr/bin/python3 -W ignore:setup.py install is deprecated -W ignore:easy_install command is deprecated setup.py egg_info --egg-base ../../../build/learning_launch build --build-base /home/intel/example_ws/build/learning_launch/build install --record /home/intel/example_ws/build/learning_launch/install.log --single-version-externally-managed install_data
[2.895s] INFO:colcon.colcon_core.shell:Creating environment descriptor '/home/intel/example_ws/install/learning_launch/share/learning_launch/hook/pythonpath.dsv'
[2.896s] INFO:colcon.colcon_core.shell:Creating environment hook '/home/intel/example_ws/install/learning_launch/share/learning_launch/hook/pythonpath.sh'
[2.897s] Level 1:colcon.colcon_core.environment:checking '/home/intel/example_ws/install/learning_launch/bin'
[2.897s] Level 1:colcon.colcon_core.environment:create_environment_scripts_only(learning_launch)
[2.898s] INFO:colcon.colcon_core.shell:Creating package script '/home/intel/example_ws/install/learning_launch/share/learning_launch/package.ps1'
[2.898s] INFO:colcon.colcon_core.shell:Creating package descriptor '/home/intel/example_ws/install/learning_launch/share/learning_launch/package.dsv'
[2.899s] INFO:colcon.colcon_core.shell:Creating package script '/home/intel/example_ws/install/learning_launch/share/learning_launch/package.sh'
[2.899s] INFO:colcon.colcon_core.shell:Creating package script '/home/intel/example_ws/install/learning_launch/share/learning_launch/package.bash'
[2.899s] INFO:colcon.colcon_core.shell:Creating package script '/home/intel/example_ws/install/learning_launch/share/learning_launch/package.zsh'
[2.900s] Level 1:colcon.colcon_core.environment:create_file_with_runtime_dependencies(/home/intel/example_ws/install/learning_launch/share/colcon-core/packages/learning_launch)
[2.903s] DEBUG:colcon.colcon_core.event_handler.log_command:Invoking command in '/home/intel/example_ws/src/ros2_21_tutorials/learning_urdf': DEBUGINFOD_URLS=https://debuginfod.ubuntu.com PYTHONPATH=/home/intel/example_ws/build/learning_urdf/prefix_override:/usr/lib/python3/dist-packages/colcon_core/task/python/colcon_distutils_commands:/home/intel/example_ws/install/learning_urdf/lib/python3.12/site-packages:${PYTHONPATH} /usr/bin/python3 -W ignore:setup.py install is deprecated -W ignore:easy_install command is deprecated setup.py egg_info --egg-base ../../../build/learning_urdf build --build-base /home/intel/example_ws/build/learning_urdf/build install --record /home/intel/example_ws/build/learning_urdf/install.log --single-version-externally-managed install_data
[2.904s] Level 1:colcon.colcon_core.environment:checking '/home/intel/example_ws/install/learning_node' for CMake module files
[2.905s] DEBUG:colcon.colcon_core.event_handler.log_command:Invoked command in '/home/intel/example_ws/src/ros2_21_tutorials/learning_node' returned '0': DEBUGINFOD_URLS=https://debuginfod.ubuntu.com PYTHONPATH=/home/intel/example_ws/build/learning_node/prefix_override:/usr/lib/python3/dist-packages/colcon_core/task/python/colcon_distutils_commands:/home/intel/example_ws/install/learning_node/lib/python3.12/site-packages:${PYTHONPATH} /usr/bin/python3 -W ignore:setup.py install is deprecated -W ignore:easy_install command is deprecated setup.py egg_info --egg-base ../../../build/learning_node build --build-base /home/intel/example_ws/build/learning_node/build install --record /home/intel/example_ws/build/learning_node/install.log --single-version-externally-managed install_data
[2.906s] Level 1:colcon.colcon_core.environment:checking '/home/intel/example_ws/install/learning_node' for CMake config files
[2.906s] Level 1:colcon.colcon_core.environment:checking '/home/intel/example_ws/install/learning_node/lib'
[2.906s] Level 1:colcon.colcon_core.environment:checking '/home/intel/example_ws/install/learning_node/bin'
[2.906s] Level 1:colcon.colcon_core.environment:checking '/home/intel/example_ws/install/learning_node/lib/pkgconfig/learning_node.pc'
[2.907s] Level 1:colcon.colcon_core.environment:checking '/home/intel/example_ws/install/learning_node/lib/python3.12/site-packages'
[2.907s] Level 1:colcon.colcon_core.shell:create_environment_hook('learning_node', 'pythonpath')
[2.907s] INFO:colcon.colcon_core.shell:Creating environment hook '/home/intel/example_ws/install/learning_node/share/learning_node/hook/pythonpath.ps1'
[2.907s] INFO:colcon.colcon_core.shell:Creating environment descriptor '/home/intel/example_ws/install/learning_node/share/learning_node/hook/pythonpath.dsv'
[2.907s] INFO:colcon.colcon_core.shell:Creating environment hook '/home/intel/example_ws/install/learning_node/share/learning_node/hook/pythonpath.sh'
[2.908s] Level 1:colcon.colcon_core.environment:checking '/home/intel/example_ws/install/learning_node/bin'
[2.908s] Level 1:colcon.colcon_core.environment:create_environment_scripts_only(learning_node)
[2.908s] INFO:colcon.colcon_core.shell:Creating package script '/home/intel/example_ws/install/learning_node/share/learning_node/package.ps1'
[2.908s] INFO:colcon.colcon_core.shell:Creating package descriptor '/home/intel/example_ws/install/learning_node/share/learning_node/package.dsv'
[2.909s] INFO:colcon.colcon_core.shell:Creating package script '/home/intel/example_ws/install/learning_node/share/learning_node/package.sh'
[2.929s] INFO:colcon.colcon_core.shell:Creating package script '/home/intel/example_ws/install/learning_node/share/learning_node/package.bash'
[2.930s] INFO:colcon.colcon_core.shell:Creating package script '/home/intel/example_ws/install/learning_node/share/learning_node/package.zsh'
[2.931s] Level 1:colcon.colcon_core.environment:create_file_with_runtime_dependencies(/home/intel/example_ws/install/learning_node/share/colcon-core/packages/learning_node)
[2.969s] Level 1:colcon.colcon_core.environment:checking '/home/intel/example_ws/install/learning_qos' for CMake module files
[2.969s] DEBUG:colcon.colcon_core.event_handler.log_command:Invoked command in '/home/intel/example_ws/src/ros2_21_tutorials/learning_qos' returned '0': DEBUGINFOD_URLS=https://debuginfod.ubuntu.com PYTHONPATH=/home/intel/example_ws/build/learning_qos/prefix_override:/usr/lib/python3/dist-packages/colcon_core/task/python/colcon_distutils_commands:/home/intel/example_ws/install/learning_qos/lib/python3.12/site-packages:${PYTHONPATH} /usr/bin/python3 -W ignore:setup.py install is deprecated -W ignore:easy_install command is deprecated setup.py egg_info --egg-base ../../../build/learning_qos build --build-base /home/intel/example_ws/build/learning_qos/build install --record /home/intel/example_ws/build/learning_qos/install.log --single-version-externally-managed install_data
[2.969s] Level 1:colcon.colcon_core.environment:checking '/home/intel/example_ws/install/learning_qos' for CMake config files
[2.970s] Level 1:colcon.colcon_core.environment:checking '/home/intel/example_ws/install/learning_qos/lib'
[2.970s] Level 1:colcon.colcon_core.environment:checking '/home/intel/example_ws/install/learning_qos/bin'
[2.970s] Level 1:colcon.colcon_core.environment:checking '/home/intel/example_ws/install/learning_qos/lib/pkgconfig/learning_qos.pc'
[2.970s] Level 1:colcon.colcon_core.environment:checking '/home/intel/example_ws/install/learning_qos/lib/python3.12/site-packages'
[2.970s] Level 1:colcon.colcon_core.shell:create_environment_hook('learning_qos', 'pythonpath')
[2.971s] INFO:colcon.colcon_core.shell:Creating environment hook '/home/intel/example_ws/install/learning_qos/share/learning_qos/hook/pythonpath.ps1'
[2.971s] INFO:colcon.colcon_core.shell:Creating environment descriptor '/home/intel/example_ws/install/learning_qos/share/learning_qos/hook/pythonpath.dsv'
[2.971s] INFO:colcon.colcon_core.shell:Creating environment hook '/home/intel/example_ws/install/learning_qos/share/learning_qos/hook/pythonpath.sh'
[2.972s] Level 1:colcon.colcon_core.environment:checking '/home/intel/example_ws/install/learning_qos/bin'
[2.972s] Level 1:colcon.colcon_core.environment:create_environment_scripts_only(learning_qos)
[2.972s] INFO:colcon.colcon_core.shell:Creating package script '/home/intel/example_ws/install/learning_qos/share/learning_qos/package.ps1'
[2.972s] INFO:colcon.colcon_core.shell:Creating package descriptor '/home/intel/example_ws/install/learning_qos/share/learning_qos/package.dsv'
[2.973s] INFO:colcon.colcon_core.shell:Creating package script '/home/intel/example_ws/install/learning_qos/share/learning_qos/package.sh'
[2.973s] INFO:colcon.colcon_core.shell:Creating package script '/home/intel/example_ws/install/learning_qos/share/learning_qos/package.bash'
[2.973s] INFO:colcon.colcon_core.shell:Creating package script '/home/intel/example_ws/install/learning_qos/share/learning_qos/package.zsh'
[2.973s] Level 1:colcon.colcon_core.environment:create_file_with_runtime_dependencies(/home/intel/example_ws/install/learning_qos/share/colcon-core/packages/learning_qos)
[2.980s] Level 1:colcon.colcon_core.environment:checking '/home/intel/example_ws/install/learning_parameter' for CMake module files
[2.980s] DEBUG:colcon.colcon_core.event_handler.log_command:Invoked command in '/home/intel/example_ws/src/ros2_21_tutorials/learning_parameter' returned '0': DEBUGINFOD_URLS=https://debuginfod.ubuntu.com PYTHONPATH=/home/intel/example_ws/build/learning_parameter/prefix_override:/usr/lib/python3/dist-packages/colcon_core/task/python/colcon_distutils_commands:/home/intel/example_ws/install/learning_parameter/lib/python3.12/site-packages:${PYTHONPATH} /usr/bin/python3 -W ignore:setup.py install is deprecated -W ignore:easy_install command is deprecated setup.py egg_info --egg-base ../../../build/learning_parameter build --build-base /home/intel/example_ws/build/learning_parameter/build install --record /home/intel/example_ws/build/learning_parameter/install.log --single-version-externally-managed install_data
[2.981s] Level 1:colcon.colcon_core.environment:checking '/home/intel/example_ws/install/learning_parameter' for CMake config files
[2.981s] Level 1:colcon.colcon_core.environment:checking '/home/intel/example_ws/install/learning_parameter/lib'
[2.981s] Level 1:colcon.colcon_core.environment:checking '/home/intel/example_ws/install/learning_parameter/bin'
[2.981s] Level 1:colcon.colcon_core.environment:checking '/home/intel/example_ws/install/learning_parameter/lib/pkgconfig/learning_parameter.pc'
[2.981s] Level 1:colcon.colcon_core.environment:checking '/home/intel/example_ws/install/learning_parameter/lib/python3.12/site-packages'
[2.982s] Level 1:colcon.colcon_core.shell:create_environment_hook('learning_parameter', 'pythonpath')
[2.982s] INFO:colcon.colcon_core.shell:Creating environment hook '/home/intel/example_ws/install/learning_parameter/share/learning_parameter/hook/pythonpath.ps1'
[2.982s] INFO:colcon.colcon_core.shell:Creating environment descriptor '/home/intel/example_ws/install/learning_parameter/share/learning_parameter/hook/pythonpath.dsv'
[2.983s] INFO:colcon.colcon_core.shell:Creating environment hook '/home/intel/example_ws/install/learning_parameter/share/learning_parameter/hook/pythonpath.sh'
[2.983s] Level 1:colcon.colcon_core.environment:checking '/home/intel/example_ws/install/learning_parameter/bin'
[2.983s] Level 1:colcon.colcon_core.environment:create_environment_scripts_only(learning_parameter)
[2.984s] INFO:colcon.colcon_core.shell:Creating package script '/home/intel/example_ws/install/learning_parameter/share/learning_parameter/package.ps1'
[2.984s] INFO:colcon.colcon_core.shell:Creating package descriptor '/home/intel/example_ws/install/learning_parameter/share/learning_parameter/package.dsv'
[2.984s] INFO:colcon.colcon_core.shell:Creating package script '/home/intel/example_ws/install/learning_parameter/share/learning_parameter/package.sh'
[2.985s] INFO:colcon.colcon_core.shell:Creating package script '/home/intel/example_ws/install/learning_parameter/share/learning_parameter/package.bash'
[2.985s] INFO:colcon.colcon_core.shell:Creating package script '/home/intel/example_ws/install/learning_parameter/share/learning_parameter/package.zsh'
[2.985s] Level 1:colcon.colcon_core.environment:create_file_with_runtime_dependencies(/home/intel/example_ws/install/learning_parameter/share/colcon-core/packages/learning_parameter)
[2.997s] Level 1:colcon.colcon_core.environment:checking '/home/intel/example_ws/install/learning_tf' for CMake module files
[2.997s] DEBUG:colcon.colcon_core.event_handler.log_command:Invoked command in '/home/intel/example_ws/src/ros2_21_tutorials/learning_tf' returned '0': DEBUGINFOD_URLS=https://debuginfod.ubuntu.com PYTHONPATH=/home/intel/example_ws/build/learning_tf/prefix_override:/usr/lib/python3/dist-packages/colcon_core/task/python/colcon_distutils_commands:/home/intel/example_ws/install/learning_tf/lib/python3.12/site-packages:${PYTHONPATH} /usr/bin/python3 -W ignore:setup.py install is deprecated -W ignore:easy_install command is deprecated setup.py egg_info --egg-base ../../../build/learning_tf build --build-base /home/intel/example_ws/build/learning_tf/build install --record /home/intel/example_ws/build/learning_tf/install.log --single-version-externally-managed install_data
[2.998s] Level 1:colcon.colcon_core.environment:checking '/home/intel/example_ws/install/learning_tf' for CMake config files
[2.999s] Level 1:colcon.colcon_core.environment:checking '/home/intel/example_ws/install/learning_tf/lib'
[2.999s] Level 1:colcon.colcon_core.environment:checking '/home/intel/example_ws/install/learning_tf/bin'
[2.999s] Level 1:colcon.colcon_core.environment:checking '/home/intel/example_ws/install/learning_tf/lib/pkgconfig/learning_tf.pc'
[2.999s] Level 1:colcon.colcon_core.environment:checking '/home/intel/example_ws/install/learning_tf/lib/python3.12/site-packages'
[2.999s] Level 1:colcon.colcon_core.shell:create_environment_hook('learning_tf', 'pythonpath')
[2.999s] INFO:colcon.colcon_core.shell:Creating environment hook '/home/intel/example_ws/install/learning_tf/share/learning_tf/hook/pythonpath.ps1'
[3.000s] INFO:colcon.colcon_core.shell:Creating environment descriptor '/home/intel/example_ws/install/learning_tf/share/learning_tf/hook/pythonpath.dsv'
[3.000s] INFO:colcon.colcon_core.shell:Creating environment hook '/home/intel/example_ws/install/learning_tf/share/learning_tf/hook/pythonpath.sh'
[3.001s] Level 1:colcon.colcon_core.environment:checking '/home/intel/example_ws/install/learning_tf/bin'
[3.001s] Level 1:colcon.colcon_core.environment:create_environment_scripts_only(learning_tf)
[3.001s] INFO:colcon.colcon_core.shell:Creating package script '/home/intel/example_ws/install/learning_tf/share/learning_tf/package.ps1'
[3.002s] INFO:colcon.colcon_core.shell:Creating package descriptor '/home/intel/example_ws/install/learning_tf/share/learning_tf/package.dsv'
[3.002s] INFO:colcon.colcon_core.shell:Creating package script '/home/intel/example_ws/install/learning_tf/share/learning_tf/package.sh'
[3.003s] INFO:colcon.colcon_core.shell:Creating package script '/home/intel/example_ws/install/learning_tf/share/learning_tf/package.bash'
[3.003s] INFO:colcon.colcon_core.shell:Creating package script '/home/intel/example_ws/install/learning_tf/share/learning_tf/package.zsh'
[3.003s] Level 1:colcon.colcon_core.environment:create_file_with_runtime_dependencies(/home/intel/example_ws/install/learning_tf/share/colcon-core/packages/learning_tf)
[3.019s] DEBUG:colcon.colcon_core.event_handler.log_command:Invoked command in '/home/intel/example_ws/build/learning_topic_cpp' returned '0': CMAKE_PREFIX_PATH=${CMAKE_PREFIX_PATH}:/opt/ros/jazzy DEBUGINFOD_URLS=https://debuginfod.ubuntu.com /usr/bin/cmake /home/intel/example_ws/src/ros2_21_tutorials/learning_topic_cpp -DCMAKE_INSTALL_PREFIX=/home/intel/example_ws/install/learning_topic_cpp
[3.020s] DEBUG:colcon.colcon_core.event_handler.log_command:Invoking command in '/home/intel/example_ws/build/learning_topic_cpp': CMAKE_PREFIX_PATH=${CMAKE_PREFIX_PATH}:/opt/ros/jazzy DEBUGINFOD_URLS=https://debuginfod.ubuntu.com /usr/bin/cmake --build /home/intel/example_ws/build/learning_topic_cpp -- -j14 -l14
[3.230s] DEBUG:colcon.colcon_core.event_handler.log_command:Invoked command in '/home/intel/example_ws/build/learning_tf_cpp' returned '0': CMAKE_PREFIX_PATH=${CMAKE_PREFIX_PATH}:/opt/ros/jazzy DEBUGINFOD_URLS=https://debuginfod.ubuntu.com /usr/bin/cmake /home/intel/example_ws/src/ros2_21_tutorials/learning_tf_cpp -DCMAKE_INSTALL_PREFIX=/home/intel/example_ws/install/learning_tf_cpp
[3.231s] DEBUG:colcon.colcon_core.event_handler.log_command:Invoking command in '/home/intel/example_ws/build/learning_tf_cpp': CMAKE_PREFIX_PATH=${CMAKE_PREFIX_PATH}:/opt/ros/jazzy DEBUGINFOD_URLS=https://debuginfod.ubuntu.com /usr/bin/cmake --build /home/intel/example_ws/build/learning_tf_cpp -- -j14 -l14
[3.467s] Level 1:colcon.colcon_core.environment:checking '/home/intel/example_ws/install/learning_urdf' for CMake module files
[3.469s] DEBUG:colcon.colcon_core.event_handler.log_command:Invoked command in '/home/intel/example_ws/src/ros2_21_tutorials/learning_urdf' returned '0': DEBUGINFOD_URLS=https://debuginfod.ubuntu.com PYTHONPATH=/home/intel/example_ws/build/learning_urdf/prefix_override:/usr/lib/python3/dist-packages/colcon_core/task/python/colcon_distutils_commands:/home/intel/example_ws/install/learning_urdf/lib/python3.12/site-packages:${PYTHONPATH} /usr/bin/python3 -W ignore:setup.py install is deprecated -W ignore:easy_install command is deprecated setup.py egg_info --egg-base ../../../build/learning_urdf build --build-base /home/intel/example_ws/build/learning_urdf/build install --record /home/intel/example_ws/build/learning_urdf/install.log --single-version-externally-managed install_data
[3.469s] Level 1:colcon.colcon_core.environment:checking '/home/intel/example_ws/install/learning_urdf' for CMake config files
[3.470s] Level 1:colcon.colcon_core.environment:checking '/home/intel/example_ws/install/learning_urdf/lib'
[3.470s] Level 1:colcon.colcon_core.environment:checking '/home/intel/example_ws/install/learning_urdf/bin'
[3.470s] Level 1:colcon.colcon_core.environment:checking '/home/intel/example_ws/install/learning_urdf/lib/pkgconfig/learning_urdf.pc'
[3.470s] Level 1:colcon.colcon_core.environment:checking '/home/intel/example_ws/install/learning_urdf/lib/python3.12/site-packages'
[3.470s] Level 1:colcon.colcon_core.shell:create_environment_hook('learning_urdf', 'pythonpath')
[3.471s] INFO:colcon.colcon_core.shell:Creating environment hook '/home/intel/example_ws/install/learning_urdf/share/learning_urdf/hook/pythonpath.ps1'
[3.471s] INFO:colcon.colcon_core.shell:Creating environment descriptor '/home/intel/example_ws/install/learning_urdf/share/learning_urdf/hook/pythonpath.dsv'
[3.472s] INFO:colcon.colcon_core.shell:Creating environment hook '/home/intel/example_ws/install/learning_urdf/share/learning_urdf/hook/pythonpath.sh'
[3.472s] Level 1:colcon.colcon_core.environment:checking '/home/intel/example_ws/install/learning_urdf/bin'
[3.473s] Level 1:colcon.colcon_core.environment:create_environment_scripts_only(learning_urdf)
[3.473s] INFO:colcon.colcon_core.shell:Creating package script '/home/intel/example_ws/install/learning_urdf/share/learning_urdf/package.ps1'
[3.474s] INFO:colcon.colcon_core.shell:Creating package descriptor '/home/intel/example_ws/install/learning_urdf/share/learning_urdf/package.dsv'
[3.475s] INFO:colcon.colcon_core.shell:Creating package script '/home/intel/example_ws/install/learning_urdf/share/learning_urdf/package.sh'
[3.475s] INFO:colcon.colcon_core.shell:Creating package script '/home/intel/example_ws/install/learning_urdf/share/learning_urdf/package.bash'
[3.475s] INFO:colcon.colcon_core.shell:Creating package script '/home/intel/example_ws/install/learning_urdf/share/learning_urdf/package.zsh'
[3.476s] Level 1:colcon.colcon_core.environment:create_file_with_runtime_dependencies(/home/intel/example_ws/install/learning_urdf/share/colcon-core/packages/learning_urdf)
[4.266s] DEBUG:colcon.colcon_core.event_handler.log_command:Invoked command in '/home/intel/example_ws/build/learning_interface' returned '0': CMAKE_PREFIX_PATH=${CMAKE_PREFIX_PATH}:/opt/ros/jazzy DEBUGINFOD_URLS=https://debuginfod.ubuntu.com /usr/bin/cmake /home/intel/example_ws/src/ros2_21_tutorials/learning_interface -DCMAKE_INSTALL_PREFIX=/home/intel/example_ws/install/learning_interface
[4.267s] DEBUG:colcon.colcon_core.event_handler.log_command:Invoking command in '/home/intel/example_ws/build/learning_interface': CMAKE_PREFIX_PATH=${CMAKE_PREFIX_PATH}:/opt/ros/jazzy DEBUGINFOD_URLS=https://debuginfod.ubuntu.com /usr/bin/cmake --build /home/intel/example_ws/build/learning_interface -- -j14 -l14
[7.140s] DEBUG:colcon.colcon_core.event_handler.log_command:Invoked command in '/home/intel/example_ws/build/learning_node_cpp' returned '0': CMAKE_PREFIX_PATH=${CMAKE_PREFIX_PATH}:/opt/ros/jazzy DEBUGINFOD_URLS=https://debuginfod.ubuntu.com /usr/bin/cmake --build /home/intel/example_ws/build/learning_node_cpp -- -j14 -l14
[7.144s] DEBUG:colcon.colcon_core.event_handler.log_command:Invoking command in '/home/intel/example_ws/build/learning_node_cpp': CMAKE_PREFIX_PATH=${CMAKE_PREFIX_PATH}:/opt/ros/jazzy DEBUGINFOD_URLS=https://debuginfod.ubuntu.com /usr/bin/cmake --install /home/intel/example_ws/build/learning_node_cpp
[7.183s] Level 1:colcon.colcon_core.environment:create_environment_scripts_only(learning_node_cpp)
[7.183s] Level 1:colcon.colcon_core.environment:checking '/home/intel/example_ws/install/learning_node_cpp' for CMake module files
[7.183s] Level 1:colcon.colcon_core.environment:checking '/home/intel/example_ws/install/learning_node_cpp' for CMake config files
[7.184s] Level 1:colcon.colcon_core.shell:create_environment_hook('learning_node_cpp', 'cmake_prefix_path')
[7.184s] INFO:colcon.colcon_core.shell:Creating environment hook '/home/intel/example_ws/install/learning_node_cpp/share/learning_node_cpp/hook/cmake_prefix_path.ps1'
[7.184s] INFO:colcon.colcon_core.shell:Creating environment descriptor '/home/intel/example_ws/install/learning_node_cpp/share/learning_node_cpp/hook/cmake_prefix_path.dsv'
[7.185s] INFO:colcon.colcon_core.shell:Creating environment hook '/home/intel/example_ws/install/learning_node_cpp/share/learning_node_cpp/hook/cmake_prefix_path.sh'
[7.185s] Level 1:colcon.colcon_core.environment:checking '/home/intel/example_ws/install/learning_node_cpp/lib'
[7.186s] Level 1:colcon.colcon_core.environment:checking '/home/intel/example_ws/install/learning_node_cpp/bin'
[7.186s] Level 1:colcon.colcon_core.environment:checking '/home/intel/example_ws/install/learning_node_cpp/lib/pkgconfig/learning_node_cpp.pc'
[7.186s] Level 1:colcon.colcon_core.environment:checking '/home/intel/example_ws/install/learning_node_cpp/lib/python3.12/site-packages'
[7.189s] Level 1:colcon.colcon_core.environment:checking '/home/intel/example_ws/install/learning_node_cpp/bin'
[7.190s] INFO:colcon.colcon_core.shell:Creating package script '/home/intel/example_ws/install/learning_node_cpp/share/learning_node_cpp/package.ps1'
[7.191s] INFO:colcon.colcon_core.shell:Creating package descriptor '/home/intel/example_ws/install/learning_node_cpp/share/learning_node_cpp/package.dsv'
[7.192s] INFO:colcon.colcon_core.shell:Creating package script '/home/intel/example_ws/install/learning_node_cpp/share/learning_node_cpp/package.sh'
[7.192s] INFO:colcon.colcon_core.shell:Creating package script '/home/intel/example_ws/install/learning_node_cpp/share/learning_node_cpp/package.bash'
[7.196s] DEBUG:colcon.colcon_core.event_handler.log_command:Invoked command in '/home/intel/example_ws/build/learning_node_cpp' returned '0': CMAKE_PREFIX_PATH=${CMAKE_PREFIX_PATH}:/opt/ros/jazzy DEBUGINFOD_URLS=https://debuginfod.ubuntu.com /usr/bin/cmake --install /home/intel/example_ws/build/learning_node_cpp
[7.196s] INFO:colcon.colcon_core.shell:Creating package script '/home/intel/example_ws/install/learning_node_cpp/share/learning_node_cpp/package.zsh'
[7.196s] Level 1:colcon.colcon_core.environment:create_file_with_runtime_dependencies(/home/intel/example_ws/install/learning_node_cpp/share/colcon-core/packages/learning_node_cpp)
[7.197s] Level 1:colcon.colcon_core.environment:create_environment_scripts_only(learning_node_cpp)
[7.197s] Level 1:colcon.colcon_core.environment:checking '/home/intel/example_ws/install/learning_node_cpp' for CMake module files
[7.198s] Level 1:colcon.colcon_core.environment:checking '/home/intel/example_ws/install/learning_node_cpp' for CMake config files
[7.198s] Level 1:colcon.colcon_core.shell:create_environment_hook('learning_node_cpp', 'cmake_prefix_path')
[7.198s] INFO:colcon.colcon_core.shell:Creating environment hook '/home/intel/example_ws/install/learning_node_cpp/share/learning_node_cpp/hook/cmake_prefix_path.ps1'
[7.199s] INFO:colcon.colcon_core.shell:Creating environment descriptor '/home/intel/example_ws/install/learning_node_cpp/share/learning_node_cpp/hook/cmake_prefix_path.dsv'
[7.203s] INFO:colcon.colcon_core.shell:Creating environment hook '/home/intel/example_ws/install/learning_node_cpp/share/learning_node_cpp/hook/cmake_prefix_path.sh'
[7.204s] Level 1:colcon.colcon_core.environment:checking '/home/intel/example_ws/install/learning_node_cpp/lib'
[7.204s] Level 1:colcon.colcon_core.environment:checking '/home/intel/example_ws/install/learning_node_cpp/bin'
[7.204s] Level 1:colcon.colcon_core.environment:checking '/home/intel/example_ws/install/learning_node_cpp/lib/pkgconfig/learning_node_cpp.pc'
[7.204s] Level 1:colcon.colcon_core.environment:checking '/home/intel/example_ws/install/learning_node_cpp/lib/python3.12/site-packages'
[7.204s] Level 1:colcon.colcon_core.environment:checking '/home/intel/example_ws/install/learning_node_cpp/bin'
[7.205s] INFO:colcon.colcon_core.shell:Creating package script '/home/intel/example_ws/install/learning_node_cpp/share/learning_node_cpp/package.ps1'
[7.209s] INFO:colcon.colcon_core.shell:Creating package descriptor '/home/intel/example_ws/install/learning_node_cpp/share/learning_node_cpp/package.dsv'
[7.210s] INFO:colcon.colcon_core.shell:Creating package script '/home/intel/example_ws/install/learning_node_cpp/share/learning_node_cpp/package.sh'
[7.210s] INFO:colcon.colcon_core.shell:Creating package script '/home/intel/example_ws/install/learning_node_cpp/share/learning_node_cpp/package.bash'
[7.211s] INFO:colcon.colcon_core.shell:Creating package script '/home/intel/example_ws/install/learning_node_cpp/share/learning_node_cpp/package.zsh'
[7.214s] Level 1:colcon.colcon_core.environment:create_file_with_runtime_dependencies(/home/intel/example_ws/install/learning_node_cpp/share/colcon-core/packages/learning_node_cpp)
[7.569s] DEBUG:colcon.colcon_core.event_handler.log_command:Invoked command in '/home/intel/example_ws/build/learning_parameter_cpp' returned '0': CMAKE_PREFIX_PATH=${CMAKE_PREFIX_PATH}:/opt/ros/jazzy DEBUGINFOD_URLS=https://debuginfod.ubuntu.com /usr/bin/cmake --build /home/intel/example_ws/build/learning_parameter_cpp -- -j14 -l14
[7.573s] DEBUG:colcon.colcon_core.event_handler.log_command:Invoking command in '/home/intel/example_ws/build/learning_parameter_cpp': CMAKE_PREFIX_PATH=${CMAKE_PREFIX_PATH}:/opt/ros/jazzy DEBUGINFOD_URLS=https://debuginfod.ubuntu.com /usr/bin/cmake --install /home/intel/example_ws/build/learning_parameter_cpp
[7.602s] Level 1:colcon.colcon_core.environment:create_environment_scripts_only(learning_parameter_cpp)
[7.602s] Level 1:colcon.colcon_core.environment:checking '/home/intel/example_ws/install/learning_parameter_cpp' for CMake module files
[7.603s] DEBUG:colcon.colcon_core.event_handler.log_command:Invoked command in '/home/intel/example_ws/build/learning_parameter_cpp' returned '0': CMAKE_PREFIX_PATH=${CMAKE_PREFIX_PATH}:/opt/ros/jazzy DEBUGINFOD_URLS=https://debuginfod.ubuntu.com /usr/bin/cmake --install /home/intel/example_ws/build/learning_parameter_cpp
[7.606s] Level 1:colcon.colcon_core.environment:checking '/home/intel/example_ws/install/learning_parameter_cpp' for CMake config files
[7.606s] Level 1:colcon.colcon_core.shell:create_environment_hook('learning_parameter_cpp', 'cmake_prefix_path')
[7.607s] INFO:colcon.colcon_core.shell:Creating environment hook '/home/intel/example_ws/install/learning_parameter_cpp/share/learning_parameter_cpp/hook/cmake_prefix_path.ps1'
[7.607s] INFO:colcon.colcon_core.shell:Creating environment descriptor '/home/intel/example_ws/install/learning_parameter_cpp/share/learning_parameter_cpp/hook/cmake_prefix_path.dsv'
[7.608s] INFO:colcon.colcon_core.shell:Creating environment hook '/home/intel/example_ws/install/learning_parameter_cpp/share/learning_parameter_cpp/hook/cmake_prefix_path.sh'
[7.609s] Level 1:colcon.colcon_core.environment:checking '/home/intel/example_ws/install/learning_parameter_cpp/lib'
[7.609s] Level 1:colcon.colcon_core.environment:checking '/home/intel/example_ws/install/learning_parameter_cpp/bin'
[7.609s] Level 1:colcon.colcon_core.environment:checking '/home/intel/example_ws/install/learning_parameter_cpp/lib/pkgconfig/learning_parameter_cpp.pc'
[7.609s] Level 1:colcon.colcon_core.environment:checking '/home/intel/example_ws/install/learning_parameter_cpp/lib/python3.12/site-packages'
[7.613s] Level 1:colcon.colcon_core.environment:checking '/home/intel/example_ws/install/learning_parameter_cpp/bin'
[7.613s] INFO:colcon.colcon_core.shell:Creating package script '/home/intel/example_ws/install/learning_parameter_cpp/share/learning_parameter_cpp/package.ps1'
[7.614s] INFO:colcon.colcon_core.shell:Creating package descriptor '/home/intel/example_ws/install/learning_parameter_cpp/share/learning_parameter_cpp/package.dsv'
[7.615s] INFO:colcon.colcon_core.shell:Creating package script '/home/intel/example_ws/install/learning_parameter_cpp/share/learning_parameter_cpp/package.sh'
[7.618s] INFO:colcon.colcon_core.shell:Creating package script '/home/intel/example_ws/install/learning_parameter_cpp/share/learning_parameter_cpp/package.bash'
[7.621s] INFO:colcon.colcon_core.shell:Creating package script '/home/intel/example_ws/install/learning_parameter_cpp/share/learning_parameter_cpp/package.zsh'
[7.622s] Level 1:colcon.colcon_core.environment:create_file_with_runtime_dependencies(/home/intel/example_ws/install/learning_parameter_cpp/share/colcon-core/packages/learning_parameter_cpp)
[7.623s] Level 1:colcon.colcon_core.environment:create_environment_scripts_only(learning_parameter_cpp)
[7.623s] Level 1:colcon.colcon_core.environment:checking '/home/intel/example_ws/install/learning_parameter_cpp' for CMake module files
[7.624s] Level 1:colcon.colcon_core.environment:checking '/home/intel/example_ws/install/learning_parameter_cpp' for CMake config files
[7.624s] Level 1:colcon.colcon_core.shell:create_environment_hook('learning_parameter_cpp', 'cmake_prefix_path')
[7.624s] INFO:colcon.colcon_core.shell:Creating environment hook '/home/intel/example_ws/install/learning_parameter_cpp/share/learning_parameter_cpp/hook/cmake_prefix_path.ps1'
[7.628s] INFO:colcon.colcon_core.shell:Creating environment descriptor '/home/intel/example_ws/install/learning_parameter_cpp/share/learning_parameter_cpp/hook/cmake_prefix_path.dsv'
[7.629s] INFO:colcon.colcon_core.shell:Creating environment hook '/home/intel/example_ws/install/learning_parameter_cpp/share/learning_parameter_cpp/hook/cmake_prefix_path.sh'
[7.630s] Level 1:colcon.colcon_core.environment:checking '/home/intel/example_ws/install/learning_parameter_cpp/lib'
[7.631s] Level 1:colcon.colcon_core.environment:checking '/home/intel/example_ws/install/learning_parameter_cpp/bin'
[7.631s] Level 1:colcon.colcon_core.environment:checking '/home/intel/example_ws/install/learning_parameter_cpp/lib/pkgconfig/learning_parameter_cpp.pc'
[7.631s] Level 1:colcon.colcon_core.environment:checking '/home/intel/example_ws/install/learning_parameter_cpp/lib/python3.12/site-packages'
[7.631s] Level 1:colcon.colcon_core.environment:checking '/home/intel/example_ws/install/learning_parameter_cpp/bin'
[7.635s] INFO:colcon.colcon_core.shell:Creating package script '/home/intel/example_ws/install/learning_parameter_cpp/share/learning_parameter_cpp/package.ps1'
[7.637s] INFO:colcon.colcon_core.shell:Creating package descriptor '/home/intel/example_ws/install/learning_parameter_cpp/share/learning_parameter_cpp/package.dsv'
[7.641s] INFO:colcon.colcon_core.shell:Creating package script '/home/intel/example_ws/install/learning_parameter_cpp/share/learning_parameter_cpp/package.sh'
[7.642s] INFO:colcon.colcon_core.shell:Creating package script '/home/intel/example_ws/install/learning_parameter_cpp/share/learning_parameter_cpp/package.bash'
[7.642s] INFO:colcon.colcon_core.shell:Creating package script '/home/intel/example_ws/install/learning_parameter_cpp/share/learning_parameter_cpp/package.zsh'
[7.643s] Level 1:colcon.colcon_core.environment:create_file_with_runtime_dependencies(/home/intel/example_ws/install/learning_parameter_cpp/share/colcon-core/packages/learning_parameter_cpp)
[10.112s] DEBUG:colcon.colcon_core.event_handler.log_command:Invoked command in '/home/intel/example_ws/build/learning_interface' returned '0': CMAKE_PREFIX_PATH=${CMAKE_PREFIX_PATH}:/opt/ros/jazzy DEBUGINFOD_URLS=https://debuginfod.ubuntu.com /usr/bin/cmake --build /home/intel/example_ws/build/learning_interface -- -j14 -l14
[10.113s] DEBUG:colcon.colcon_core.event_handler.log_command:Invoking command in '/home/intel/example_ws/build/learning_interface': CMAKE_PREFIX_PATH=${CMAKE_PREFIX_PATH}:/opt/ros/jazzy DEBUGINFOD_URLS=https://debuginfod.ubuntu.com /usr/bin/cmake --install /home/intel/example_ws/build/learning_interface
[10.204s] Level 1:colcon.colcon_core.environment:create_environment_scripts_only(learning_interface)
[10.204s] Level 1:colcon.colcon_core.environment:checking '/home/intel/example_ws/install/learning_interface' for CMake module files
[10.204s] DEBUG:colcon.colcon_core.event_handler.log_command:Invoked command in '/home/intel/example_ws/build/learning_interface' returned '0': CMAKE_PREFIX_PATH=${CMAKE_PREFIX_PATH}:/opt/ros/jazzy DEBUGINFOD_URLS=https://debuginfod.ubuntu.com /usr/bin/cmake --install /home/intel/example_ws/build/learning_interface
[10.206s] Level 1:colcon.colcon_core.environment:checking '/home/intel/example_ws/install/learning_interface' for CMake config files
[10.207s] Level 1:colcon.colcon_core.shell:create_environment_hook('learning_interface', 'cmake_prefix_path')
[10.207s] INFO:colcon.colcon_core.shell:Creating environment hook '/home/intel/example_ws/install/learning_interface/share/learning_interface/hook/cmake_prefix_path.ps1'
[10.208s] INFO:colcon.colcon_core.shell:Creating environment descriptor '/home/intel/example_ws/install/learning_interface/share/learning_interface/hook/cmake_prefix_path.dsv'
[10.209s] INFO:colcon.colcon_core.shell:Creating environment hook '/home/intel/example_ws/install/learning_interface/share/learning_interface/hook/cmake_prefix_path.sh'
[10.210s] Level 1:colcon.colcon_core.environment:checking '/home/intel/example_ws/install/learning_interface/lib'
[10.210s] Level 1:colcon.colcon_core.shell:create_environment_hook('learning_interface', 'ld_library_path_lib')
[10.210s] INFO:colcon.colcon_core.shell:Creating environment hook '/home/intel/example_ws/install/learning_interface/share/learning_interface/hook/ld_library_path_lib.ps1'
[10.211s] INFO:colcon.colcon_core.shell:Creating environment descriptor '/home/intel/example_ws/install/learning_interface/share/learning_interface/hook/ld_library_path_lib.dsv'
[10.211s] INFO:colcon.colcon_core.shell:Creating environment hook '/home/intel/example_ws/install/learning_interface/share/learning_interface/hook/ld_library_path_lib.sh'
[10.211s] Level 1:colcon.colcon_core.environment:checking '/home/intel/example_ws/install/learning_interface/bin'
[10.211s] Level 1:colcon.colcon_core.environment:checking '/home/intel/example_ws/install/learning_interface/lib/pkgconfig/learning_interface.pc'
[10.211s] Level 1:colcon.colcon_core.environment:checking '/home/intel/example_ws/install/learning_interface/lib/python3.12/site-packages'
[10.211s] Level 1:colcon.colcon_core.shell:create_environment_hook('learning_interface', 'pythonpath')
[10.211s] INFO:colcon.colcon_core.shell:Creating environment hook '/home/intel/example_ws/install/learning_interface/share/learning_interface/hook/pythonpath.ps1'
[10.211s] INFO:colcon.colcon_core.shell:Creating environment descriptor '/home/intel/example_ws/install/learning_interface/share/learning_interface/hook/pythonpath.dsv'
[10.212s] INFO:colcon.colcon_core.shell:Creating environment hook '/home/intel/example_ws/install/learning_interface/share/learning_interface/hook/pythonpath.sh'
[10.212s] Level 1:colcon.colcon_core.environment:checking '/home/intel/example_ws/install/learning_interface/bin'
[10.212s] INFO:colcon.colcon_core.shell:Creating package script '/home/intel/example_ws/install/learning_interface/share/learning_interface/package.ps1'
[10.212s] INFO:colcon.colcon_core.shell:Creating package descriptor '/home/intel/example_ws/install/learning_interface/share/learning_interface/package.dsv'
[10.213s] INFO:colcon.colcon_core.shell:Creating package script '/home/intel/example_ws/install/learning_interface/share/learning_interface/package.sh'
[10.213s] INFO:colcon.colcon_core.shell:Creating package script '/home/intel/example_ws/install/learning_interface/share/learning_interface/package.bash'
[10.213s] INFO:colcon.colcon_core.shell:Creating package script '/home/intel/example_ws/install/learning_interface/share/learning_interface/package.zsh'
[10.213s] Level 1:colcon.colcon_core.environment:create_file_with_runtime_dependencies(/home/intel/example_ws/install/learning_interface/share/colcon-core/packages/learning_interface)
[10.213s] Level 1:colcon.colcon_core.environment:create_environment_scripts_only(learning_interface)
[10.213s] Level 1:colcon.colcon_core.environment:checking '/home/intel/example_ws/install/learning_interface' for CMake module files
[10.214s] Level 1:colcon.colcon_core.environment:checking '/home/intel/example_ws/install/learning_interface' for CMake config files
[10.214s] Level 1:colcon.colcon_core.shell:create_environment_hook('learning_interface', 'cmake_prefix_path')
[10.214s] INFO:colcon.colcon_core.shell:Creating environment hook '/home/intel/example_ws/install/learning_interface/share/learning_interface/hook/cmake_prefix_path.ps1'
[10.214s] INFO:colcon.colcon_core.shell:Creating environment descriptor '/home/intel/example_ws/install/learning_interface/share/learning_interface/hook/cmake_prefix_path.dsv'
[10.215s] INFO:colcon.colcon_core.shell:Creating environment hook '/home/intel/example_ws/install/learning_interface/share/learning_interface/hook/cmake_prefix_path.sh'
[10.215s] Level 1:colcon.colcon_core.environment:checking '/home/intel/example_ws/install/learning_interface/lib'
[10.215s] Level 1:colcon.colcon_core.shell:create_environment_hook('learning_interface', 'ld_library_path_lib')
[10.215s] INFO:colcon.colcon_core.shell:Creating environment hook '/home/intel/example_ws/install/learning_interface/share/learning_interface/hook/ld_library_path_lib.ps1'
[10.215s] INFO:colcon.colcon_core.shell:Creating environment descriptor '/home/intel/example_ws/install/learning_interface/share/learning_interface/hook/ld_library_path_lib.dsv'
[10.215s] INFO:colcon.colcon_core.shell:Creating environment hook '/home/intel/example_ws/install/learning_interface/share/learning_interface/hook/ld_library_path_lib.sh'
[10.222s] Level 1:colcon.colcon_core.environment:checking '/home/intel/example_ws/install/learning_interface/bin'
[10.223s] Level 1:colcon.colcon_core.environment:checking '/home/intel/example_ws/install/learning_interface/lib/pkgconfig/learning_interface.pc'
[10.223s] Level 1:colcon.colcon_core.environment:checking '/home/intel/example_ws/install/learning_interface/lib/python3.12/site-packages'
[10.224s] Level 1:colcon.colcon_core.shell:create_environment_hook('learning_interface', 'pythonpath')
[10.224s] INFO:colcon.colcon_core.shell:Creating environment hook '/home/intel/example_ws/install/learning_interface/share/learning_interface/hook/pythonpath.ps1'
[10.226s] INFO:colcon.colcon_core.shell:Creating environment descriptor '/home/intel/example_ws/install/learning_interface/share/learning_interface/hook/pythonpath.dsv'
[10.227s] INFO:colcon.colcon_core.shell:Creating environment hook '/home/intel/example_ws/install/learning_interface/share/learning_interface/hook/pythonpath.sh'
[10.229s] Level 1:colcon.colcon_core.environment:checking '/home/intel/example_ws/install/learning_interface/bin'
[10.230s] INFO:colcon.colcon_core.shell:Creating package script '/home/intel/example_ws/install/learning_interface/share/learning_interface/package.ps1'
[10.231s] INFO:colcon.colcon_core.shell:Creating package descriptor '/home/intel/example_ws/install/learning_interface/share/learning_interface/package.dsv'
[10.237s] INFO:colcon.colcon_core.shell:Creating package script '/home/intel/example_ws/install/learning_interface/share/learning_interface/package.sh'
[10.238s] INFO:colcon.colcon_core.shell:Creating package script '/home/intel/example_ws/install/learning_interface/share/learning_interface/package.bash'
[10.239s] INFO:colcon.colcon_core.shell:Creating package script '/home/intel/example_ws/install/learning_interface/share/learning_interface/package.zsh'
[10.240s] Level 1:colcon.colcon_core.environment:create_file_with_runtime_dependencies(/home/intel/example_ws/install/learning_interface/share/colcon-core/packages/learning_interface)
[10.241s] INFO:colcon.colcon_ros.task.ament_python.build:Building ROS package in '/home/intel/example_ws/src/ros2_21_tutorials/learning_action' with build type 'ament_python'
[10.241s] Level 1:colcon.colcon_core.shell:create_environment_hook('learning_action', 'ament_prefix_path')
[10.241s] INFO:colcon.colcon_core.shell:Creating environment hook '/home/intel/example_ws/install/learning_action/share/learning_action/hook/ament_prefix_path.ps1'
[10.245s] INFO:colcon.colcon_core.shell:Creating environment descriptor '/home/intel/example_ws/install/learning_action/share/learning_action/hook/ament_prefix_path.dsv'
[10.245s] INFO:colcon.colcon_core.shell:Creating environment hook '/home/intel/example_ws/install/learning_action/share/learning_action/hook/ament_prefix_path.sh'
[10.246s] INFO:colcon.colcon_core.shell:Skip shell extension 'powershell' for command environment: Not usable outside of PowerShell
[10.246s] DEBUG:colcon.colcon_core.shell:Skip shell extension 'dsv' for command environment
[10.251s] INFO:colcon.colcon_ros.task.ament_cmake.build:Building ROS package in '/home/intel/example_ws/src/ros2_21_tutorials/learning_action_cpp' with build type 'ament_cmake'
[10.251s] INFO:colcon.colcon_cmake.task.cmake.build:Building CMake package in '/home/intel/example_ws/src/ros2_21_tutorials/learning_action_cpp'
[10.251s] INFO:colcon.colcon_core.shell:Skip shell extension 'powershell' for command environment: Not usable outside of PowerShell
[10.251s] DEBUG:colcon.colcon_core.shell:Skip shell extension 'dsv' for command environment
[10.255s] INFO:colcon.colcon_ros.task.ament_python.build:Building ROS package in '/home/intel/example_ws/src/ros2_21_tutorials/learning_service' with build type 'ament_python'
[10.255s] Level 1:colcon.colcon_core.shell:create_environment_hook('learning_service', 'ament_prefix_path')
[10.256s] INFO:colcon.colcon_core.shell:Creating environment hook '/home/intel/example_ws/install/learning_service/share/learning_service/hook/ament_prefix_path.ps1'
[10.257s] INFO:colcon.colcon_core.shell:Creating environment descriptor '/home/intel/example_ws/install/learning_service/share/learning_service/hook/ament_prefix_path.dsv'
[10.258s] INFO:colcon.colcon_core.shell:Creating environment hook '/home/intel/example_ws/install/learning_service/share/learning_service/hook/ament_prefix_path.sh'
[10.260s] INFO:colcon.colcon_core.shell:Skip shell extension 'powershell' for command environment: Not usable outside of PowerShell
[10.260s] DEBUG:colcon.colcon_core.shell:Skip shell extension 'dsv' for command environment
[10.268s] INFO:colcon.colcon_ros.task.ament_cmake.build:Building ROS package in '/home/intel/example_ws/src/ros2_21_tutorials/learning_service_cpp' with build type 'ament_cmake'
[10.269s] INFO:colcon.colcon_cmake.task.cmake.build:Building CMake package in '/home/intel/example_ws/src/ros2_21_tutorials/learning_service_cpp'
[10.269s] INFO:colcon.colcon_core.shell:Skip shell extension 'powershell' for command environment: Not usable outside of PowerShell
[10.269s] DEBUG:colcon.colcon_core.shell:Skip shell extension 'dsv' for command environment
[10.277s] INFO:colcon.colcon_ros.task.ament_python.build:Building ROS package in '/home/intel/example_ws/src/ros2_21_tutorials/learning_topic' with build type 'ament_python'
[10.277s] Level 1:colcon.colcon_core.shell:create_environment_hook('learning_topic', 'ament_prefix_path')
[10.278s] INFO:colcon.colcon_core.shell:Creating environment hook '/home/intel/example_ws/install/learning_topic/share/learning_topic/hook/ament_prefix_path.ps1'
[10.279s] INFO:colcon.colcon_core.shell:Creating environment descriptor '/home/intel/example_ws/install/learning_topic/share/learning_topic/hook/ament_prefix_path.dsv'
[10.280s] INFO:colcon.colcon_core.shell:Creating environment hook '/home/intel/example_ws/install/learning_topic/share/learning_topic/hook/ament_prefix_path.sh'
[10.281s] INFO:colcon.colcon_core.shell:Skip shell extension 'powershell' for command environment: Not usable outside of PowerShell
[10.281s] DEBUG:colcon.colcon_core.shell:Skip shell extension 'dsv' for command environment
[10.492s] INFO:colcon.colcon_core.task.python.build:Building Python package in '/home/intel/example_ws/src/ros2_21_tutorials/learning_action'
[10.492s] INFO:colcon.colcon_core.shell:Skip shell extension 'powershell' for command environment: Not usable outside of PowerShell
[10.492s] DEBUG:colcon.colcon_core.shell:Skip shell extension 'dsv' for command environment
[10.496s] DEBUG:colcon.colcon_core.event_handler.log_command:Invoking command in '/home/intel/example_ws/build/learning_action_cpp': AMENT_PREFIX_PATH=/home/intel/example_ws/install/learning_interface:${AMENT_PREFIX_PATH} CMAKE_PREFIX_PATH=/home/intel/example_ws/install/learning_interface:/opt/ros/jazzy/opt/gz_sim_vendor:/opt/ros/jazzy/opt/gz_sensors_vendor:/opt/ros/jazzy/opt/gz_physics_vendor:/opt/ros/jazzy/opt/sdformat_vendor:/opt/ros/jazzy/opt/gz_gui_vendor:/opt/ros/jazzy/opt/gz_transport_vendor:/opt/ros/jazzy/opt/gz_rendering_vendor:/opt/ros/jazzy/opt/gz_plugin_vendor:/opt/ros/jazzy/opt/gz_fuel_tools_vendor:/opt/ros/jazzy/opt/gz_msgs_vendor:/opt/ros/jazzy/opt/gz_common_vendor:/opt/ros/jazzy/opt/gz_tools_vendor:/opt/ros/jazzy/opt/gz_ogre_next_vendor:/opt/ros/jazzy/opt/gz_dartsim_vendor:/opt/ros/jazzy/opt/gz_math_vendor:/opt/ros/jazzy/opt/gz_utils_vendor:/opt/ros/jazzy/opt/gz_cmake_vendor:/opt/ros/jazzy DEBUGINFOD_URLS=https://debuginfod.ubuntu.com LD_LIBRARY_PATH=/home/intel/example_ws/install/learning_interface/lib:${LD_LIBRARY_PATH} PYTHONPATH=/home/intel/example_ws/install/learning_interface/lib/python3.12/site-packages:${PYTHONPATH} /usr/bin/cmake /home/intel/example_ws/src/ros2_21_tutorials/learning_action_cpp -DCMAKE_INSTALL_PREFIX=/home/intel/example_ws/install/learning_action_cpp
[10.641s] INFO:colcon.colcon_core.task.python.build:Building Python package in '/home/intel/example_ws/src/ros2_21_tutorials/learning_service'
[10.642s] INFO:colcon.colcon_core.shell:Skip shell extension 'powershell' for command environment: Not usable outside of PowerShell
[10.642s] DEBUG:colcon.colcon_core.shell:Skip shell extension 'dsv' for command environment
[10.647s] DEBUG:colcon.colcon_core.event_handler.log_command:Invoking command in '/home/intel/example_ws/build/learning_service_cpp': AMENT_PREFIX_PATH=/home/intel/example_ws/install/learning_interface:${AMENT_PREFIX_PATH} CMAKE_PREFIX_PATH=/home/intel/example_ws/install/learning_interface:/opt/ros/jazzy/opt/gz_sim_vendor:/opt/ros/jazzy/opt/gz_sensors_vendor:/opt/ros/jazzy/opt/gz_physics_vendor:/opt/ros/jazzy/opt/sdformat_vendor:/opt/ros/jazzy/opt/gz_gui_vendor:/opt/ros/jazzy/opt/gz_transport_vendor:/opt/ros/jazzy/opt/gz_rendering_vendor:/opt/ros/jazzy/opt/gz_plugin_vendor:/opt/ros/jazzy/opt/gz_fuel_tools_vendor:/opt/ros/jazzy/opt/gz_msgs_vendor:/opt/ros/jazzy/opt/gz_common_vendor:/opt/ros/jazzy/opt/gz_tools_vendor:/opt/ros/jazzy/opt/gz_ogre_next_vendor:/opt/ros/jazzy/opt/gz_dartsim_vendor:/opt/ros/jazzy/opt/gz_math_vendor:/opt/ros/jazzy/opt/gz_utils_vendor:/opt/ros/jazzy/opt/gz_cmake_vendor:/opt/ros/jazzy DEBUGINFOD_URLS=https://debuginfod.ubuntu.com LD_LIBRARY_PATH=/home/intel/example_ws/install/learning_interface/lib:${LD_LIBRARY_PATH} PYTHONPATH=/home/intel/example_ws/install/learning_interface/lib/python3.12/site-packages:${PYTHONPATH} /usr/bin/cmake /home/intel/example_ws/src/ros2_21_tutorials/learning_service_cpp -DCMAKE_INSTALL_PREFIX=/home/intel/example_ws/install/learning_service_cpp
[10.785s] INFO:colcon.colcon_core.task.python.build:Building Python package in '/home/intel/example_ws/src/ros2_21_tutorials/learning_topic'
[10.786s] INFO:colcon.colcon_core.shell:Skip shell extension 'powershell' for command environment: Not usable outside of PowerShell
[10.786s] DEBUG:colcon.colcon_core.shell:Skip shell extension 'dsv' for command environment
[11.045s] DEBUG:colcon.colcon_core.event_handler.log_command:Invoked command in '/home/intel/example_ws/build/learning_topic_cpp' returned '0': CMAKE_PREFIX_PATH=${CMAKE_PREFIX_PATH}:/opt/ros/jazzy DEBUGINFOD_URLS=https://debuginfod.ubuntu.com /usr/bin/cmake --build /home/intel/example_ws/build/learning_topic_cpp -- -j14 -l14
[11.046s] DEBUG:colcon.colcon_core.event_handler.log_command:Invoking command in '/home/intel/example_ws/build/learning_topic_cpp': CMAKE_PREFIX_PATH=${CMAKE_PREFIX_PATH}:/opt/ros/jazzy DEBUGINFOD_URLS=https://debuginfod.ubuntu.com /usr/bin/cmake --install /home/intel/example_ws/build/learning_topic_cpp
[11.056s] Level 1:colcon.colcon_core.environment:create_environment_scripts_only(learning_topic_cpp)
[11.057s] Level 1:colcon.colcon_core.environment:checking '/home/intel/example_ws/install/learning_topic_cpp' for CMake module files
[11.057s] DEBUG:colcon.colcon_core.event_handler.log_command:Invoked command in '/home/intel/example_ws/build/learning_topic_cpp' returned '0': CMAKE_PREFIX_PATH=${CMAKE_PREFIX_PATH}:/opt/ros/jazzy DEBUGINFOD_URLS=https://debuginfod.ubuntu.com /usr/bin/cmake --install /home/intel/example_ws/build/learning_topic_cpp
[11.057s] Level 1:colcon.colcon_core.environment:checking '/home/intel/example_ws/install/learning_topic_cpp' for CMake config files
[11.057s] Level 1:colcon.colcon_core.shell:create_environment_hook('learning_topic_cpp', 'cmake_prefix_path')
[11.057s] INFO:colcon.colcon_core.shell:Creating environment hook '/home/intel/example_ws/install/learning_topic_cpp/share/learning_topic_cpp/hook/cmake_prefix_path.ps1'
[11.058s] INFO:colcon.colcon_core.shell:Creating environment descriptor '/home/intel/example_ws/install/learning_topic_cpp/share/learning_topic_cpp/hook/cmake_prefix_path.dsv'
[11.058s] INFO:colcon.colcon_core.shell:Creating environment hook '/home/intel/example_ws/install/learning_topic_cpp/share/learning_topic_cpp/hook/cmake_prefix_path.sh'
[11.058s] Level 1:colcon.colcon_core.environment:checking '/home/intel/example_ws/install/learning_topic_cpp/lib'
[11.058s] Level 1:colcon.colcon_core.environment:checking '/home/intel/example_ws/install/learning_topic_cpp/bin'
[11.058s] Level 1:colcon.colcon_core.environment:checking '/home/intel/example_ws/install/learning_topic_cpp/lib/pkgconfig/learning_topic_cpp.pc'
[11.059s] Level 1:colcon.colcon_core.environment:checking '/home/intel/example_ws/install/learning_topic_cpp/lib/python3.12/site-packages'
[11.059s] Level 1:colcon.colcon_core.environment:checking '/home/intel/example_ws/install/learning_topic_cpp/bin'
[11.059s] INFO:colcon.colcon_core.shell:Creating package script '/home/intel/example_ws/install/learning_topic_cpp/share/learning_topic_cpp/package.ps1'
[11.059s] INFO:colcon.colcon_core.shell:Creating package descriptor '/home/intel/example_ws/install/learning_topic_cpp/share/learning_topic_cpp/package.dsv'
[11.060s] INFO:colcon.colcon_core.shell:Creating package script '/home/intel/example_ws/install/learning_topic_cpp/share/learning_topic_cpp/package.sh'
[11.060s] INFO:colcon.colcon_core.shell:Creating package script '/home/intel/example_ws/install/learning_topic_cpp/share/learning_topic_cpp/package.bash'
[11.060s] INFO:colcon.colcon_core.shell:Creating package script '/home/intel/example_ws/install/learning_topic_cpp/share/learning_topic_cpp/package.zsh'
[11.060s] Level 1:colcon.colcon_core.environment:create_file_with_runtime_dependencies(/home/intel/example_ws/install/learning_topic_cpp/share/colcon-core/packages/learning_topic_cpp)
[11.061s] Level 1:colcon.colcon_core.environment:create_environment_scripts_only(learning_topic_cpp)
[11.061s] Level 1:colcon.colcon_core.environment:checking '/home/intel/example_ws/install/learning_topic_cpp' for CMake module files
[11.061s] Level 1:colcon.colcon_core.environment:checking '/home/intel/example_ws/install/learning_topic_cpp' for CMake config files
[11.061s] Level 1:colcon.colcon_core.shell:create_environment_hook('learning_topic_cpp', 'cmake_prefix_path')
[11.061s] INFO:colcon.colcon_core.shell:Creating environment hook '/home/intel/example_ws/install/learning_topic_cpp/share/learning_topic_cpp/hook/cmake_prefix_path.ps1'
[11.061s] INFO:colcon.colcon_core.shell:Creating environment descriptor '/home/intel/example_ws/install/learning_topic_cpp/share/learning_topic_cpp/hook/cmake_prefix_path.dsv'
[11.062s] INFO:colcon.colcon_core.shell:Creating environment hook '/home/intel/example_ws/install/learning_topic_cpp/share/learning_topic_cpp/hook/cmake_prefix_path.sh'
[11.062s] Level 1:colcon.colcon_core.environment:checking '/home/intel/example_ws/install/learning_topic_cpp/lib'
[11.062s] Level 1:colcon.colcon_core.environment:checking '/home/intel/example_ws/install/learning_topic_cpp/bin'
[11.062s] Level 1:colcon.colcon_core.environment:checking '/home/intel/example_ws/install/learning_topic_cpp/lib/pkgconfig/learning_topic_cpp.pc'
[11.062s] Level 1:colcon.colcon_core.environment:checking '/home/intel/example_ws/install/learning_topic_cpp/lib/python3.12/site-packages'
[11.062s] Level 1:colcon.colcon_core.environment:checking '/home/intel/example_ws/install/learning_topic_cpp/bin'
[11.062s] INFO:colcon.colcon_core.shell:Creating package script '/home/intel/example_ws/install/learning_topic_cpp/share/learning_topic_cpp/package.ps1'
[11.063s] INFO:colcon.colcon_core.shell:Creating package descriptor '/home/intel/example_ws/install/learning_topic_cpp/share/learning_topic_cpp/package.dsv'
[11.063s] INFO:colcon.colcon_core.shell:Creating package script '/home/intel/example_ws/install/learning_topic_cpp/share/learning_topic_cpp/package.sh'
[11.064s] INFO:colcon.colcon_core.shell:Creating package script '/home/intel/example_ws/install/learning_topic_cpp/share/learning_topic_cpp/package.bash'
[11.064s] INFO:colcon.colcon_core.shell:Creating package script '/home/intel/example_ws/install/learning_topic_cpp/share/learning_topic_cpp/package.zsh'
[11.064s] Level 1:colcon.colcon_core.environment:create_file_with_runtime_dependencies(/home/intel/example_ws/install/learning_topic_cpp/share/colcon-core/packages/learning_topic_cpp)
[11.282s] DEBUG:colcon.colcon_core.event_handler.log_command:Invoking command in '/home/intel/example_ws/src/ros2_21_tutorials/learning_topic': AMENT_PREFIX_PATH=/home/intel/example_ws/install/learning_interface:${AMENT_PREFIX_PATH} CMAKE_PREFIX_PATH=/home/intel/example_ws/install/learning_interface:${CMAKE_PREFIX_PATH} DEBUGINFOD_URLS=https://debuginfod.ubuntu.com LD_LIBRARY_PATH=/home/intel/example_ws/install/learning_interface/lib:${LD_LIBRARY_PATH} PYTHONPATH=/home/intel/example_ws/build/learning_topic/prefix_override:/usr/lib/python3/dist-packages/colcon_core/task/python/colcon_distutils_commands:/home/intel/example_ws/install/learning_topic/lib/python3.12/site-packages:/home/intel/example_ws/install/learning_interface/lib/python3.12/site-packages:${PYTHONPATH} /usr/bin/python3 -W ignore:setup.py install is deprecated -W ignore:easy_install command is deprecated setup.py egg_info --egg-base ../../../build/learning_topic build --build-base /home/intel/example_ws/build/learning_topic/build install --record /home/intel/example_ws/build/learning_topic/install.log --single-version-externally-managed install_data
[11.317s] DEBUG:colcon.colcon_core.event_handler.log_command:Invoking command in '/home/intel/example_ws/src/ros2_21_tutorials/learning_action': AMENT_PREFIX_PATH=/home/intel/example_ws/install/learning_interface:${AMENT_PREFIX_PATH} CMAKE_PREFIX_PATH=/home/intel/example_ws/install/learning_interface:${CMAKE_PREFIX_PATH} DEBUGINFOD_URLS=https://debuginfod.ubuntu.com LD_LIBRARY_PATH=/home/intel/example_ws/install/learning_interface/lib:${LD_LIBRARY_PATH} PYTHONPATH=/home/intel/example_ws/build/learning_action/prefix_override:/usr/lib/python3/dist-packages/colcon_core/task/python/colcon_distutils_commands:/home/intel/example_ws/install/learning_action/lib/python3.12/site-packages:/home/intel/example_ws/install/learning_interface/lib/python3.12/site-packages:${PYTHONPATH} /usr/bin/python3 -W ignore:setup.py install is deprecated -W ignore:easy_install command is deprecated setup.py egg_info --egg-base ../../../build/learning_action build --build-base /home/intel/example_ws/build/learning_action/build install --record /home/intel/example_ws/build/learning_action/install.log --single-version-externally-managed install_data
[11.327s] DEBUG:colcon.colcon_core.event_handler.log_command:Invoking command in '/home/intel/example_ws/src/ros2_21_tutorials/learning_service': AMENT_PREFIX_PATH=/home/intel/example_ws/install/learning_interface:${AMENT_PREFIX_PATH} CMAKE_PREFIX_PATH=/home/intel/example_ws/install/learning_interface:${CMAKE_PREFIX_PATH} DEBUGINFOD_URLS=https://debuginfod.ubuntu.com LD_LIBRARY_PATH=/home/intel/example_ws/install/learning_interface/lib:${LD_LIBRARY_PATH} PYTHONPATH=/home/intel/example_ws/build/learning_service/prefix_override:/usr/lib/python3/dist-packages/colcon_core/task/python/colcon_distutils_commands:/home/intel/example_ws/install/learning_service/lib/python3.12/site-packages:/home/intel/example_ws/install/learning_interface/lib/python3.12/site-packages:${PYTHONPATH} /usr/bin/python3 -W ignore:setup.py install is deprecated -W ignore:easy_install command is deprecated setup.py egg_info --egg-base ../../../build/learning_service build --build-base /home/intel/example_ws/build/learning_service/build install --record /home/intel/example_ws/build/learning_service/install.log --single-version-externally-managed install_data
[11.633s] Level 1:colcon.colcon_core.environment:checking '/home/intel/example_ws/install/learning_action' for CMake module files
[11.634s] DEBUG:colcon.colcon_core.event_handler.log_command:Invoked command in '/home/intel/example_ws/src/ros2_21_tutorials/learning_action' returned '0': AMENT_PREFIX_PATH=/home/intel/example_ws/install/learning_interface:${AMENT_PREFIX_PATH} CMAKE_PREFIX_PATH=/home/intel/example_ws/install/learning_interface:${CMAKE_PREFIX_PATH} DEBUGINFOD_URLS=https://debuginfod.ubuntu.com LD_LIBRARY_PATH=/home/intel/example_ws/install/learning_interface/lib:${LD_LIBRARY_PATH} PYTHONPATH=/home/intel/example_ws/build/learning_action/prefix_override:/usr/lib/python3/dist-packages/colcon_core/task/python/colcon_distutils_commands:/home/intel/example_ws/install/learning_action/lib/python3.12/site-packages:/home/intel/example_ws/install/learning_interface/lib/python3.12/site-packages:${PYTHONPATH} /usr/bin/python3 -W ignore:setup.py install is deprecated -W ignore:easy_install command is deprecated setup.py egg_info --egg-base ../../../build/learning_action build --build-base /home/intel/example_ws/build/learning_action/build install --record /home/intel/example_ws/build/learning_action/install.log --single-version-externally-managed install_data
[11.634s] Level 1:colcon.colcon_core.environment:checking '/home/intel/example_ws/install/learning_action' for CMake config files
[11.635s] Level 1:colcon.colcon_core.environment:checking '/home/intel/example_ws/install/learning_action/lib'
[11.636s] Level 1:colcon.colcon_core.environment:checking '/home/intel/example_ws/install/learning_action/bin'
[11.636s] Level 1:colcon.colcon_core.environment:checking '/home/intel/example_ws/install/learning_action/lib/pkgconfig/learning_action.pc'
[11.636s] Level 1:colcon.colcon_core.environment:checking '/home/intel/example_ws/install/learning_action/lib/python3.12/site-packages'
[11.636s] Level 1:colcon.colcon_core.shell:create_environment_hook('learning_action', 'pythonpath')
[11.637s] INFO:colcon.colcon_core.shell:Creating environment hook '/home/intel/example_ws/install/learning_action/share/learning_action/hook/pythonpath.ps1'
[11.638s] INFO:colcon.colcon_core.shell:Creating environment descriptor '/home/intel/example_ws/install/learning_action/share/learning_action/hook/pythonpath.dsv'
[11.639s] INFO:colcon.colcon_core.shell:Creating environment hook '/home/intel/example_ws/install/learning_action/share/learning_action/hook/pythonpath.sh'
[11.640s] Level 1:colcon.colcon_core.environment:checking '/home/intel/example_ws/install/learning_action/bin'
[11.640s] Level 1:colcon.colcon_core.environment:create_environment_scripts_only(learning_action)
[11.641s] INFO:colcon.colcon_core.shell:Creating package script '/home/intel/example_ws/install/learning_action/share/learning_action/package.ps1'
[11.642s] INFO:colcon.colcon_core.shell:Creating package descriptor '/home/intel/example_ws/install/learning_action/share/learning_action/package.dsv'
[11.642s] INFO:colcon.colcon_core.shell:Creating package script '/home/intel/example_ws/install/learning_action/share/learning_action/package.sh'
[11.643s] INFO:colcon.colcon_core.shell:Creating package script '/home/intel/example_ws/install/learning_action/share/learning_action/package.bash'
[11.644s] INFO:colcon.colcon_core.shell:Creating package script '/home/intel/example_ws/install/learning_action/share/learning_action/package.zsh'
[11.645s] Level 1:colcon.colcon_core.environment:create_file_with_runtime_dependencies(/home/intel/example_ws/install/learning_action/share/colcon-core/packages/learning_action)
[11.682s] Level 1:colcon.colcon_core.environment:checking '/home/intel/example_ws/install/learning_topic' for CMake module files
[11.683s] DEBUG:colcon.colcon_core.event_handler.log_command:Invoked command in '/home/intel/example_ws/src/ros2_21_tutorials/learning_topic' returned '0': AMENT_PREFIX_PATH=/home/intel/example_ws/install/learning_interface:${AMENT_PREFIX_PATH} CMAKE_PREFIX_PATH=/home/intel/example_ws/install/learning_interface:${CMAKE_PREFIX_PATH} DEBUGINFOD_URLS=https://debuginfod.ubuntu.com LD_LIBRARY_PATH=/home/intel/example_ws/install/learning_interface/lib:${LD_LIBRARY_PATH} PYTHONPATH=/home/intel/example_ws/build/learning_topic/prefix_override:/usr/lib/python3/dist-packages/colcon_core/task/python/colcon_distutils_commands:/home/intel/example_ws/install/learning_topic/lib/python3.12/site-packages:/home/intel/example_ws/install/learning_interface/lib/python3.12/site-packages:${PYTHONPATH} /usr/bin/python3 -W ignore:setup.py install is deprecated -W ignore:easy_install command is deprecated setup.py egg_info --egg-base ../../../build/learning_topic build --build-base /home/intel/example_ws/build/learning_topic/build install --record /home/intel/example_ws/build/learning_topic/install.log --single-version-externally-managed install_data
[11.683s] Level 1:colcon.colcon_core.environment:checking '/home/intel/example_ws/install/learning_topic' for CMake config files
[11.684s] Level 1:colcon.colcon_core.environment:checking '/home/intel/example_ws/install/learning_topic/lib'
[11.684s] Level 1:colcon.colcon_core.environment:checking '/home/intel/example_ws/install/learning_topic/bin'
[11.684s] Level 1:colcon.colcon_core.environment:checking '/home/intel/example_ws/install/learning_topic/lib/pkgconfig/learning_topic.pc'
[11.684s] Level 1:colcon.colcon_core.environment:checking '/home/intel/example_ws/install/learning_topic/lib/python3.12/site-packages'
[11.684s] Level 1:colcon.colcon_core.shell:create_environment_hook('learning_topic', 'pythonpath')
[11.684s] INFO:colcon.colcon_core.shell:Creating environment hook '/home/intel/example_ws/install/learning_topic/share/learning_topic/hook/pythonpath.ps1'
[11.685s] INFO:colcon.colcon_core.shell:Creating environment descriptor '/home/intel/example_ws/install/learning_topic/share/learning_topic/hook/pythonpath.dsv'
[11.685s] INFO:colcon.colcon_core.shell:Creating environment hook '/home/intel/example_ws/install/learning_topic/share/learning_topic/hook/pythonpath.sh'
[11.685s] Level 1:colcon.colcon_core.environment:checking '/home/intel/example_ws/install/learning_topic/bin'
[11.685s] Level 1:colcon.colcon_core.environment:create_environment_scripts_only(learning_topic)
[11.685s] INFO:colcon.colcon_core.shell:Creating package script '/home/intel/example_ws/install/learning_topic/share/learning_topic/package.ps1'
[11.686s] INFO:colcon.colcon_core.shell:Creating package descriptor '/home/intel/example_ws/install/learning_topic/share/learning_topic/package.dsv'
[11.686s] INFO:colcon.colcon_core.shell:Creating package script '/home/intel/example_ws/install/learning_topic/share/learning_topic/package.sh'
[11.686s] INFO:colcon.colcon_core.shell:Creating package script '/home/intel/example_ws/install/learning_topic/share/learning_topic/package.bash'
[11.686s] INFO:colcon.colcon_core.shell:Creating package script '/home/intel/example_ws/install/learning_topic/share/learning_topic/package.zsh'
[11.686s] Level 1:colcon.colcon_core.environment:create_file_with_runtime_dependencies(/home/intel/example_ws/install/learning_topic/share/colcon-core/packages/learning_topic)
[11.761s] DEBUG:colcon.colcon_core.event_handler.log_command:Invoked command in '/home/intel/example_ws/build/learning_action_cpp' returned '0': AMENT_PREFIX_PATH=/home/intel/example_ws/install/learning_interface:${AMENT_PREFIX_PATH} CMAKE_PREFIX_PATH=/home/intel/example_ws/install/learning_interface:/opt/ros/jazzy/opt/gz_sim_vendor:/opt/ros/jazzy/opt/gz_sensors_vendor:/opt/ros/jazzy/opt/gz_physics_vendor:/opt/ros/jazzy/opt/sdformat_vendor:/opt/ros/jazzy/opt/gz_gui_vendor:/opt/ros/jazzy/opt/gz_transport_vendor:/opt/ros/jazzy/opt/gz_rendering_vendor:/opt/ros/jazzy/opt/gz_plugin_vendor:/opt/ros/jazzy/opt/gz_fuel_tools_vendor:/opt/ros/jazzy/opt/gz_msgs_vendor:/opt/ros/jazzy/opt/gz_common_vendor:/opt/ros/jazzy/opt/gz_tools_vendor:/opt/ros/jazzy/opt/gz_ogre_next_vendor:/opt/ros/jazzy/opt/gz_dartsim_vendor:/opt/ros/jazzy/opt/gz_math_vendor:/opt/ros/jazzy/opt/gz_utils_vendor:/opt/ros/jazzy/opt/gz_cmake_vendor:/opt/ros/jazzy DEBUGINFOD_URLS=https://debuginfod.ubuntu.com LD_LIBRARY_PATH=/home/intel/example_ws/install/learning_interface/lib:${LD_LIBRARY_PATH} PYTHONPATH=/home/intel/example_ws/install/learning_interface/lib/python3.12/site-packages:${PYTHONPATH} /usr/bin/cmake /home/intel/example_ws/src/ros2_21_tutorials/learning_action_cpp -DCMAKE_INSTALL_PREFIX=/home/intel/example_ws/install/learning_action_cpp
[11.762s] DEBUG:colcon.colcon_core.event_handler.log_command:Invoking command in '/home/intel/example_ws/build/learning_action_cpp': AMENT_PREFIX_PATH=/home/intel/example_ws/install/learning_interface:${AMENT_PREFIX_PATH} CMAKE_PREFIX_PATH=/home/intel/example_ws/install/learning_interface:/opt/ros/jazzy/opt/gz_sim_vendor:/opt/ros/jazzy/opt/gz_sensors_vendor:/opt/ros/jazzy/opt/gz_physics_vendor:/opt/ros/jazzy/opt/sdformat_vendor:/opt/ros/jazzy/opt/gz_gui_vendor:/opt/ros/jazzy/opt/gz_transport_vendor:/opt/ros/jazzy/opt/gz_rendering_vendor:/opt/ros/jazzy/opt/gz_plugin_vendor:/opt/ros/jazzy/opt/gz_fuel_tools_vendor:/opt/ros/jazzy/opt/gz_msgs_vendor:/opt/ros/jazzy/opt/gz_common_vendor:/opt/ros/jazzy/opt/gz_tools_vendor:/opt/ros/jazzy/opt/gz_ogre_next_vendor:/opt/ros/jazzy/opt/gz_dartsim_vendor:/opt/ros/jazzy/opt/gz_math_vendor:/opt/ros/jazzy/opt/gz_utils_vendor:/opt/ros/jazzy/opt/gz_cmake_vendor:/opt/ros/jazzy DEBUGINFOD_URLS=https://debuginfod.ubuntu.com LD_LIBRARY_PATH=/home/intel/example_ws/install/learning_interface/lib:${LD_LIBRARY_PATH} PYTHONPATH=/home/intel/example_ws/install/learning_interface/lib/python3.12/site-packages:${PYTHONPATH} /usr/bin/cmake --build /home/intel/example_ws/build/learning_action_cpp -- -j14 -l14
[11.783s] DEBUG:colcon.colcon_core.event_handler.log_command:Invoked command in '/home/intel/example_ws/build/learning_service_cpp' returned '0': AMENT_PREFIX_PATH=/home/intel/example_ws/install/learning_interface:${AMENT_PREFIX_PATH} CMAKE_PREFIX_PATH=/home/intel/example_ws/install/learning_interface:/opt/ros/jazzy/opt/gz_sim_vendor:/opt/ros/jazzy/opt/gz_sensors_vendor:/opt/ros/jazzy/opt/gz_physics_vendor:/opt/ros/jazzy/opt/sdformat_vendor:/opt/ros/jazzy/opt/gz_gui_vendor:/opt/ros/jazzy/opt/gz_transport_vendor:/opt/ros/jazzy/opt/gz_rendering_vendor:/opt/ros/jazzy/opt/gz_plugin_vendor:/opt/ros/jazzy/opt/gz_fuel_tools_vendor:/opt/ros/jazzy/opt/gz_msgs_vendor:/opt/ros/jazzy/opt/gz_common_vendor:/opt/ros/jazzy/opt/gz_tools_vendor:/opt/ros/jazzy/opt/gz_ogre_next_vendor:/opt/ros/jazzy/opt/gz_dartsim_vendor:/opt/ros/jazzy/opt/gz_math_vendor:/opt/ros/jazzy/opt/gz_utils_vendor:/opt/ros/jazzy/opt/gz_cmake_vendor:/opt/ros/jazzy DEBUGINFOD_URLS=https://debuginfod.ubuntu.com LD_LIBRARY_PATH=/home/intel/example_ws/install/learning_interface/lib:${LD_LIBRARY_PATH} PYTHONPATH=/home/intel/example_ws/install/learning_interface/lib/python3.12/site-packages:${PYTHONPATH} /usr/bin/cmake /home/intel/example_ws/src/ros2_21_tutorials/learning_service_cpp -DCMAKE_INSTALL_PREFIX=/home/intel/example_ws/install/learning_service_cpp
[11.785s] DEBUG:colcon.colcon_core.event_handler.log_command:Invoking command in '/home/intel/example_ws/build/learning_service_cpp': AMENT_PREFIX_PATH=/home/intel/example_ws/install/learning_interface:${AMENT_PREFIX_PATH} CMAKE_PREFIX_PATH=/home/intel/example_ws/install/learning_interface:/opt/ros/jazzy/opt/gz_sim_vendor:/opt/ros/jazzy/opt/gz_sensors_vendor:/opt/ros/jazzy/opt/gz_physics_vendor:/opt/ros/jazzy/opt/sdformat_vendor:/opt/ros/jazzy/opt/gz_gui_vendor:/opt/ros/jazzy/opt/gz_transport_vendor:/opt/ros/jazzy/opt/gz_rendering_vendor:/opt/ros/jazzy/opt/gz_plugin_vendor:/opt/ros/jazzy/opt/gz_fuel_tools_vendor:/opt/ros/jazzy/opt/gz_msgs_vendor:/opt/ros/jazzy/opt/gz_common_vendor:/opt/ros/jazzy/opt/gz_tools_vendor:/opt/ros/jazzy/opt/gz_ogre_next_vendor:/opt/ros/jazzy/opt/gz_dartsim_vendor:/opt/ros/jazzy/opt/gz_math_vendor:/opt/ros/jazzy/opt/gz_utils_vendor:/opt/ros/jazzy/opt/gz_cmake_vendor:/opt/ros/jazzy DEBUGINFOD_URLS=https://debuginfod.ubuntu.com LD_LIBRARY_PATH=/home/intel/example_ws/install/learning_interface/lib:${LD_LIBRARY_PATH} PYTHONPATH=/home/intel/example_ws/install/learning_interface/lib/python3.12/site-packages:${PYTHONPATH} /usr/bin/cmake --build /home/intel/example_ws/build/learning_service_cpp -- -j14 -l14
[11.786s] Level 1:colcon.colcon_core.environment:checking '/home/intel/example_ws/install/learning_service' for CMake module files
[11.787s] DEBUG:colcon.colcon_core.event_handler.log_command:Invoked command in '/home/intel/example_ws/src/ros2_21_tutorials/learning_service' returned '0': AMENT_PREFIX_PATH=/home/intel/example_ws/install/learning_interface:${AMENT_PREFIX_PATH} CMAKE_PREFIX_PATH=/home/intel/example_ws/install/learning_interface:${CMAKE_PREFIX_PATH} DEBUGINFOD_URLS=https://debuginfod.ubuntu.com LD_LIBRARY_PATH=/home/intel/example_ws/install/learning_interface/lib:${LD_LIBRARY_PATH} PYTHONPATH=/home/intel/example_ws/build/learning_service/prefix_override:/usr/lib/python3/dist-packages/colcon_core/task/python/colcon_distutils_commands:/home/intel/example_ws/install/learning_service/lib/python3.12/site-packages:/home/intel/example_ws/install/learning_interface/lib/python3.12/site-packages:${PYTHONPATH} /usr/bin/python3 -W ignore:setup.py install is deprecated -W ignore:easy_install command is deprecated setup.py egg_info --egg-base ../../../build/learning_service build --build-base /home/intel/example_ws/build/learning_service/build install --record /home/intel/example_ws/build/learning_service/install.log --single-version-externally-managed install_data
[11.788s] Level 1:colcon.colcon_core.environment:checking '/home/intel/example_ws/install/learning_service' for CMake config files
[11.789s] Level 1:colcon.colcon_core.environment:checking '/home/intel/example_ws/install/learning_service/lib'
[11.789s] Level 1:colcon.colcon_core.environment:checking '/home/intel/example_ws/install/learning_service/bin'
[11.790s] Level 1:colcon.colcon_core.environment:checking '/home/intel/example_ws/install/learning_service/lib/pkgconfig/learning_service.pc'
[11.790s] Level 1:colcon.colcon_core.environment:checking '/home/intel/example_ws/install/learning_service/lib/python3.12/site-packages'
[11.790s] Level 1:colcon.colcon_core.shell:create_environment_hook('learning_service', 'pythonpath')
[11.791s] INFO:colcon.colcon_core.shell:Creating environment hook '/home/intel/example_ws/install/learning_service/share/learning_service/hook/pythonpath.ps1'
[11.792s] INFO:colcon.colcon_core.shell:Creating environment descriptor '/home/intel/example_ws/install/learning_service/share/learning_service/hook/pythonpath.dsv'
[11.792s] INFO:colcon.colcon_core.shell:Creating environment hook '/home/intel/example_ws/install/learning_service/share/learning_service/hook/pythonpath.sh'
[11.793s] Level 1:colcon.colcon_core.environment:checking '/home/intel/example_ws/install/learning_service/bin'
[11.793s] Level 1:colcon.colcon_core.environment:create_environment_scripts_only(learning_service)
[11.794s] INFO:colcon.colcon_core.shell:Creating package script '/home/intel/example_ws/install/learning_service/share/learning_service/package.ps1'
[11.794s] INFO:colcon.colcon_core.shell:Creating package descriptor '/home/intel/example_ws/install/learning_service/share/learning_service/package.dsv'
[11.795s] INFO:colcon.colcon_core.shell:Creating package script '/home/intel/example_ws/install/learning_service/share/learning_service/package.sh'
[11.795s] INFO:colcon.colcon_core.shell:Creating package script '/home/intel/example_ws/install/learning_service/share/learning_service/package.bash'
[11.796s] INFO:colcon.colcon_core.shell:Creating package script '/home/intel/example_ws/install/learning_service/share/learning_service/package.zsh'
[11.796s] Level 1:colcon.colcon_core.environment:create_file_with_runtime_dependencies(/home/intel/example_ws/install/learning_service/share/colcon-core/packages/learning_service)
[13.504s] DEBUG:colcon.colcon_core.event_handler.log_command:Invoked command in '/home/intel/example_ws/build/learning_tf_cpp' returned '0': CMAKE_PREFIX_PATH=${CMAKE_PREFIX_PATH}:/opt/ros/jazzy DEBUGINFOD_URLS=https://debuginfod.ubuntu.com /usr/bin/cmake --build /home/intel/example_ws/build/learning_tf_cpp -- -j14 -l14
[13.505s] DEBUG:colcon.colcon_core.event_handler.log_command:Invoking command in '/home/intel/example_ws/build/learning_tf_cpp': CMAKE_PREFIX_PATH=${CMAKE_PREFIX_PATH}:/opt/ros/jazzy DEBUGINFOD_URLS=https://debuginfod.ubuntu.com /usr/bin/cmake --install /home/intel/example_ws/build/learning_tf_cpp
[13.524s] Level 1:colcon.colcon_core.environment:create_environment_scripts_only(learning_tf_cpp)
[13.524s] DEBUG:colcon.colcon_core.event_handler.log_command:Invoked command in '/home/intel/example_ws/build/learning_tf_cpp' returned '0': CMAKE_PREFIX_PATH=${CMAKE_PREFIX_PATH}:/opt/ros/jazzy DEBUGINFOD_URLS=https://debuginfod.ubuntu.com /usr/bin/cmake --install /home/intel/example_ws/build/learning_tf_cpp
[13.524s] Level 1:colcon.colcon_core.environment:checking '/home/intel/example_ws/install/learning_tf_cpp' for CMake module files
[13.525s] Level 1:colcon.colcon_core.environment:checking '/home/intel/example_ws/install/learning_tf_cpp' for CMake config files
[13.525s] Level 1:colcon.colcon_core.shell:create_environment_hook('learning_tf_cpp', 'cmake_prefix_path')
[13.525s] INFO:colcon.colcon_core.shell:Creating environment hook '/home/intel/example_ws/install/learning_tf_cpp/share/learning_tf_cpp/hook/cmake_prefix_path.ps1'
[13.525s] INFO:colcon.colcon_core.shell:Creating environment descriptor '/home/intel/example_ws/install/learning_tf_cpp/share/learning_tf_cpp/hook/cmake_prefix_path.dsv'
[13.526s] INFO:colcon.colcon_core.shell:Creating environment hook '/home/intel/example_ws/install/learning_tf_cpp/share/learning_tf_cpp/hook/cmake_prefix_path.sh'
[13.526s] Level 1:colcon.colcon_core.environment:checking '/home/intel/example_ws/install/learning_tf_cpp/lib'
[13.526s] Level 1:colcon.colcon_core.environment:checking '/home/intel/example_ws/install/learning_tf_cpp/bin'
[13.527s] Level 1:colcon.colcon_core.environment:checking '/home/intel/example_ws/install/learning_tf_cpp/lib/pkgconfig/learning_tf_cpp.pc'
[13.527s] Level 1:colcon.colcon_core.environment:checking '/home/intel/example_ws/install/learning_tf_cpp/lib/python3.12/site-packages'
[13.527s] Level 1:colcon.colcon_core.environment:checking '/home/intel/example_ws/install/learning_tf_cpp/bin'
[13.527s] INFO:colcon.colcon_core.shell:Creating package script '/home/intel/example_ws/install/learning_tf_cpp/share/learning_tf_cpp/package.ps1'
[13.528s] INFO:colcon.colcon_core.shell:Creating package descriptor '/home/intel/example_ws/install/learning_tf_cpp/share/learning_tf_cpp/package.dsv'
[13.528s] INFO:colcon.colcon_core.shell:Creating package script '/home/intel/example_ws/install/learning_tf_cpp/share/learning_tf_cpp/package.sh'
[13.528s] INFO:colcon.colcon_core.shell:Creating package script '/home/intel/example_ws/install/learning_tf_cpp/share/learning_tf_cpp/package.bash'
[13.529s] INFO:colcon.colcon_core.shell:Creating package script '/home/intel/example_ws/install/learning_tf_cpp/share/learning_tf_cpp/package.zsh'
[13.529s] Level 1:colcon.colcon_core.environment:create_file_with_runtime_dependencies(/home/intel/example_ws/install/learning_tf_cpp/share/colcon-core/packages/learning_tf_cpp)
[13.530s] Level 1:colcon.colcon_core.environment:create_environment_scripts_only(learning_tf_cpp)
[13.530s] Level 1:colcon.colcon_core.environment:checking '/home/intel/example_ws/install/learning_tf_cpp' for CMake module files
[13.530s] Level 1:colcon.colcon_core.environment:checking '/home/intel/example_ws/install/learning_tf_cpp' for CMake config files
[13.530s] Level 1:colcon.colcon_core.shell:create_environment_hook('learning_tf_cpp', 'cmake_prefix_path')
[13.530s] INFO:colcon.colcon_core.shell:Creating environment hook '/home/intel/example_ws/install/learning_tf_cpp/share/learning_tf_cpp/hook/cmake_prefix_path.ps1'
[13.531s] INFO:colcon.colcon_core.shell:Creating environment descriptor '/home/intel/example_ws/install/learning_tf_cpp/share/learning_tf_cpp/hook/cmake_prefix_path.dsv'
[13.531s] INFO:colcon.colcon_core.shell:Creating environment hook '/home/intel/example_ws/install/learning_tf_cpp/share/learning_tf_cpp/hook/cmake_prefix_path.sh'
[13.532s] Level 1:colcon.colcon_core.environment:checking '/home/intel/example_ws/install/learning_tf_cpp/lib'
[13.532s] Level 1:colcon.colcon_core.environment:checking '/home/intel/example_ws/install/learning_tf_cpp/bin'
[13.532s] Level 1:colcon.colcon_core.environment:checking '/home/intel/example_ws/install/learning_tf_cpp/lib/pkgconfig/learning_tf_cpp.pc'
[13.532s] Level 1:colcon.colcon_core.environment:checking '/home/intel/example_ws/install/learning_tf_cpp/lib/python3.12/site-packages'
[13.532s] Level 1:colcon.colcon_core.environment:checking '/home/intel/example_ws/install/learning_tf_cpp/bin'
[13.532s] INFO:colcon.colcon_core.shell:Creating package script '/home/intel/example_ws/install/learning_tf_cpp/share/learning_tf_cpp/package.ps1'
[13.532s] INFO:colcon.colcon_core.shell:Creating package descriptor '/home/intel/example_ws/install/learning_tf_cpp/share/learning_tf_cpp/package.dsv'
[13.533s] INFO:colcon.colcon_core.shell:Creating package script '/home/intel/example_ws/install/learning_tf_cpp/share/learning_tf_cpp/package.sh'
[13.533s] INFO:colcon.colcon_core.shell:Creating package script '/home/intel/example_ws/install/learning_tf_cpp/share/learning_tf_cpp/package.bash'
[13.533s] INFO:colcon.colcon_core.shell:Creating package script '/home/intel/example_ws/install/learning_tf_cpp/share/learning_tf_cpp/package.zsh'
[13.533s] Level 1:colcon.colcon_core.environment:create_file_with_runtime_dependencies(/home/intel/example_ws/install/learning_tf_cpp/share/colcon-core/packages/learning_tf_cpp)
[14.591s] DEBUG:colcon.colcon_core.event_handler.log_command:Invoked command in '/home/intel/example_ws/build/learning_service_cpp' returned '0': AMENT_PREFIX_PATH=/home/intel/example_ws/install/learning_interface:${AMENT_PREFIX_PATH} CMAKE_PREFIX_PATH=/home/intel/example_ws/install/learning_interface:/opt/ros/jazzy/opt/gz_sim_vendor:/opt/ros/jazzy/opt/gz_sensors_vendor:/opt/ros/jazzy/opt/gz_physics_vendor:/opt/ros/jazzy/opt/sdformat_vendor:/opt/ros/jazzy/opt/gz_gui_vendor:/opt/ros/jazzy/opt/gz_transport_vendor:/opt/ros/jazzy/opt/gz_rendering_vendor:/opt/ros/jazzy/opt/gz_plugin_vendor:/opt/ros/jazzy/opt/gz_fuel_tools_vendor:/opt/ros/jazzy/opt/gz_msgs_vendor:/opt/ros/jazzy/opt/gz_common_vendor:/opt/ros/jazzy/opt/gz_tools_vendor:/opt/ros/jazzy/opt/gz_ogre_next_vendor:/opt/ros/jazzy/opt/gz_dartsim_vendor:/opt/ros/jazzy/opt/gz_math_vendor:/opt/ros/jazzy/opt/gz_utils_vendor:/opt/ros/jazzy/opt/gz_cmake_vendor:/opt/ros/jazzy DEBUGINFOD_URLS=https://debuginfod.ubuntu.com LD_LIBRARY_PATH=/home/intel/example_ws/install/learning_interface/lib:${LD_LIBRARY_PATH} PYTHONPATH=/home/intel/example_ws/install/learning_interface/lib/python3.12/site-packages:${PYTHONPATH} /usr/bin/cmake --build /home/intel/example_ws/build/learning_service_cpp -- -j14 -l14
[14.593s] DEBUG:colcon.colcon_core.event_handler.log_command:Invoking command in '/home/intel/example_ws/build/learning_service_cpp': AMENT_PREFIX_PATH=/home/intel/example_ws/install/learning_interface:${AMENT_PREFIX_PATH} CMAKE_PREFIX_PATH=/home/intel/example_ws/install/learning_interface:/opt/ros/jazzy/opt/gz_sim_vendor:/opt/ros/jazzy/opt/gz_sensors_vendor:/opt/ros/jazzy/opt/gz_physics_vendor:/opt/ros/jazzy/opt/sdformat_vendor:/opt/ros/jazzy/opt/gz_gui_vendor:/opt/ros/jazzy/opt/gz_transport_vendor:/opt/ros/jazzy/opt/gz_rendering_vendor:/opt/ros/jazzy/opt/gz_plugin_vendor:/opt/ros/jazzy/opt/gz_fuel_tools_vendor:/opt/ros/jazzy/opt/gz_msgs_vendor:/opt/ros/jazzy/opt/gz_common_vendor:/opt/ros/jazzy/opt/gz_tools_vendor:/opt/ros/jazzy/opt/gz_ogre_next_vendor:/opt/ros/jazzy/opt/gz_dartsim_vendor:/opt/ros/jazzy/opt/gz_math_vendor:/opt/ros/jazzy/opt/gz_utils_vendor:/opt/ros/jazzy/opt/gz_cmake_vendor:/opt/ros/jazzy DEBUGINFOD_URLS=https://debuginfod.ubuntu.com LD_LIBRARY_PATH=/home/intel/example_ws/install/learning_interface/lib:${LD_LIBRARY_PATH} PYTHONPATH=/home/intel/example_ws/install/learning_interface/lib/python3.12/site-packages:${PYTHONPATH} /usr/bin/cmake --install /home/intel/example_ws/build/learning_service_cpp
[14.611s] Level 1:colcon.colcon_core.environment:create_environment_scripts_only(learning_service_cpp)
[14.611s] Level 1:colcon.colcon_core.environment:checking '/home/intel/example_ws/install/learning_service_cpp' for CMake module files
[14.612s] DEBUG:colcon.colcon_core.event_handler.log_command:Invoked command in '/home/intel/example_ws/build/learning_service_cpp' returned '0': AMENT_PREFIX_PATH=/home/intel/example_ws/install/learning_interface:${AMENT_PREFIX_PATH} CMAKE_PREFIX_PATH=/home/intel/example_ws/install/learning_interface:/opt/ros/jazzy/opt/gz_sim_vendor:/opt/ros/jazzy/opt/gz_sensors_vendor:/opt/ros/jazzy/opt/gz_physics_vendor:/opt/ros/jazzy/opt/sdformat_vendor:/opt/ros/jazzy/opt/gz_gui_vendor:/opt/ros/jazzy/opt/gz_transport_vendor:/opt/ros/jazzy/opt/gz_rendering_vendor:/opt/ros/jazzy/opt/gz_plugin_vendor:/opt/ros/jazzy/opt/gz_fuel_tools_vendor:/opt/ros/jazzy/opt/gz_msgs_vendor:/opt/ros/jazzy/opt/gz_common_vendor:/opt/ros/jazzy/opt/gz_tools_vendor:/opt/ros/jazzy/opt/gz_ogre_next_vendor:/opt/ros/jazzy/opt/gz_dartsim_vendor:/opt/ros/jazzy/opt/gz_math_vendor:/opt/ros/jazzy/opt/gz_utils_vendor:/opt/ros/jazzy/opt/gz_cmake_vendor:/opt/ros/jazzy DEBUGINFOD_URLS=https://debuginfod.ubuntu.com LD_LIBRARY_PATH=/home/intel/example_ws/install/learning_interface/lib:${LD_LIBRARY_PATH} PYTHONPATH=/home/intel/example_ws/install/learning_interface/lib/python3.12/site-packages:${PYTHONPATH} /usr/bin/cmake --install /home/intel/example_ws/build/learning_service_cpp
[14.612s] Level 1:colcon.colcon_core.environment:checking '/home/intel/example_ws/install/learning_service_cpp' for CMake config files
[14.612s] Level 1:colcon.colcon_core.shell:create_environment_hook('learning_service_cpp', 'cmake_prefix_path')
[14.612s] INFO:colcon.colcon_core.shell:Creating environment hook '/home/intel/example_ws/install/learning_service_cpp/share/learning_service_cpp/hook/cmake_prefix_path.ps1'
[14.613s] INFO:colcon.colcon_core.shell:Creating environment descriptor '/home/intel/example_ws/install/learning_service_cpp/share/learning_service_cpp/hook/cmake_prefix_path.dsv'
[14.613s] INFO:colcon.colcon_core.shell:Creating environment hook '/home/intel/example_ws/install/learning_service_cpp/share/learning_service_cpp/hook/cmake_prefix_path.sh'
[14.613s] Level 1:colcon.colcon_core.environment:checking '/home/intel/example_ws/install/learning_service_cpp/lib'
[14.613s] Level 1:colcon.colcon_core.environment:checking '/home/intel/example_ws/install/learning_service_cpp/bin'
[14.613s] Level 1:colcon.colcon_core.environment:checking '/home/intel/example_ws/install/learning_service_cpp/lib/pkgconfig/learning_service_cpp.pc'
[14.614s] Level 1:colcon.colcon_core.environment:checking '/home/intel/example_ws/install/learning_service_cpp/lib/python3.12/site-packages'
[14.614s] Level 1:colcon.colcon_core.environment:checking '/home/intel/example_ws/install/learning_service_cpp/bin'
[14.614s] INFO:colcon.colcon_core.shell:Creating package script '/home/intel/example_ws/install/learning_service_cpp/share/learning_service_cpp/package.ps1'
[14.614s] INFO:colcon.colcon_core.shell:Creating package descriptor '/home/intel/example_ws/install/learning_service_cpp/share/learning_service_cpp/package.dsv'
[14.615s] INFO:colcon.colcon_core.shell:Creating package script '/home/intel/example_ws/install/learning_service_cpp/share/learning_service_cpp/package.sh'
[14.615s] INFO:colcon.colcon_core.shell:Creating package script '/home/intel/example_ws/install/learning_service_cpp/share/learning_service_cpp/package.bash'
[14.615s] INFO:colcon.colcon_core.shell:Creating package script '/home/intel/example_ws/install/learning_service_cpp/share/learning_service_cpp/package.zsh'
[14.615s] Level 1:colcon.colcon_core.environment:create_file_with_runtime_dependencies(/home/intel/example_ws/install/learning_service_cpp/share/colcon-core/packages/learning_service_cpp)
[14.616s] Level 1:colcon.colcon_core.environment:create_environment_scripts_only(learning_service_cpp)
[14.616s] Level 1:colcon.colcon_core.environment:checking '/home/intel/example_ws/install/learning_service_cpp' for CMake module files
[14.616s] Level 1:colcon.colcon_core.environment:checking '/home/intel/example_ws/install/learning_service_cpp' for CMake config files
[14.616s] Level 1:colcon.colcon_core.shell:create_environment_hook('learning_service_cpp', 'cmake_prefix_path')
[14.616s] INFO:colcon.colcon_core.shell:Creating environment hook '/home/intel/example_ws/install/learning_service_cpp/share/learning_service_cpp/hook/cmake_prefix_path.ps1'
[14.616s] INFO:colcon.colcon_core.shell:Creating environment descriptor '/home/intel/example_ws/install/learning_service_cpp/share/learning_service_cpp/hook/cmake_prefix_path.dsv'
[14.616s] INFO:colcon.colcon_core.shell:Creating environment hook '/home/intel/example_ws/install/learning_service_cpp/share/learning_service_cpp/hook/cmake_prefix_path.sh'
[14.617s] Level 1:colcon.colcon_core.environment:checking '/home/intel/example_ws/install/learning_service_cpp/lib'
[14.617s] Level 1:colcon.colcon_core.environment:checking '/home/intel/example_ws/install/learning_service_cpp/bin'
[14.617s] Level 1:colcon.colcon_core.environment:checking '/home/intel/example_ws/install/learning_service_cpp/lib/pkgconfig/learning_service_cpp.pc'
[14.617s] Level 1:colcon.colcon_core.environment:checking '/home/intel/example_ws/install/learning_service_cpp/lib/python3.12/site-packages'
[14.617s] Level 1:colcon.colcon_core.environment:checking '/home/intel/example_ws/install/learning_service_cpp/bin'
[14.617s] INFO:colcon.colcon_core.shell:Creating package script '/home/intel/example_ws/install/learning_service_cpp/share/learning_service_cpp/package.ps1'
[14.618s] INFO:colcon.colcon_core.shell:Creating package descriptor '/home/intel/example_ws/install/learning_service_cpp/share/learning_service_cpp/package.dsv'
[14.618s] INFO:colcon.colcon_core.shell:Creating package script '/home/intel/example_ws/install/learning_service_cpp/share/learning_service_cpp/package.sh'
[14.618s] INFO:colcon.colcon_core.shell:Creating package script '/home/intel/example_ws/install/learning_service_cpp/share/learning_service_cpp/package.bash'
[14.618s] INFO:colcon.colcon_core.shell:Creating package script '/home/intel/example_ws/install/learning_service_cpp/share/learning_service_cpp/package.zsh'
[14.618s] Level 1:colcon.colcon_core.environment:create_file_with_runtime_dependencies(/home/intel/example_ws/install/learning_service_cpp/share/colcon-core/packages/learning_service_cpp)
[15.643s] DEBUG:colcon.colcon_core.event_handler.log_command:Invoked command in '/home/intel/example_ws/build/learning_action_cpp' returned '0': AMENT_PREFIX_PATH=/home/intel/example_ws/install/learning_interface:${AMENT_PREFIX_PATH} CMAKE_PREFIX_PATH=/home/intel/example_ws/install/learning_interface:/opt/ros/jazzy/opt/gz_sim_vendor:/opt/ros/jazzy/opt/gz_sensors_vendor:/opt/ros/jazzy/opt/gz_physics_vendor:/opt/ros/jazzy/opt/sdformat_vendor:/opt/ros/jazzy/opt/gz_gui_vendor:/opt/ros/jazzy/opt/gz_transport_vendor:/opt/ros/jazzy/opt/gz_rendering_vendor:/opt/ros/jazzy/opt/gz_plugin_vendor:/opt/ros/jazzy/opt/gz_fuel_tools_vendor:/opt/ros/jazzy/opt/gz_msgs_vendor:/opt/ros/jazzy/opt/gz_common_vendor:/opt/ros/jazzy/opt/gz_tools_vendor:/opt/ros/jazzy/opt/gz_ogre_next_vendor:/opt/ros/jazzy/opt/gz_dartsim_vendor:/opt/ros/jazzy/opt/gz_math_vendor:/opt/ros/jazzy/opt/gz_utils_vendor:/opt/ros/jazzy/opt/gz_cmake_vendor:/opt/ros/jazzy DEBUGINFOD_URLS=https://debuginfod.ubuntu.com LD_LIBRARY_PATH=/home/intel/example_ws/install/learning_interface/lib:${LD_LIBRARY_PATH} PYTHONPATH=/home/intel/example_ws/install/learning_interface/lib/python3.12/site-packages:${PYTHONPATH} /usr/bin/cmake --build /home/intel/example_ws/build/learning_action_cpp -- -j14 -l14
[15.644s] DEBUG:colcon.colcon_core.event_handler.log_command:Invoking command in '/home/intel/example_ws/build/learning_action_cpp': AMENT_PREFIX_PATH=/home/intel/example_ws/install/learning_interface:${AMENT_PREFIX_PATH} CMAKE_PREFIX_PATH=/home/intel/example_ws/install/learning_interface:/opt/ros/jazzy/opt/gz_sim_vendor:/opt/ros/jazzy/opt/gz_sensors_vendor:/opt/ros/jazzy/opt/gz_physics_vendor:/opt/ros/jazzy/opt/sdformat_vendor:/opt/ros/jazzy/opt/gz_gui_vendor:/opt/ros/jazzy/opt/gz_transport_vendor:/opt/ros/jazzy/opt/gz_rendering_vendor:/opt/ros/jazzy/opt/gz_plugin_vendor:/opt/ros/jazzy/opt/gz_fuel_tools_vendor:/opt/ros/jazzy/opt/gz_msgs_vendor:/opt/ros/jazzy/opt/gz_common_vendor:/opt/ros/jazzy/opt/gz_tools_vendor:/opt/ros/jazzy/opt/gz_ogre_next_vendor:/opt/ros/jazzy/opt/gz_dartsim_vendor:/opt/ros/jazzy/opt/gz_math_vendor:/opt/ros/jazzy/opt/gz_utils_vendor:/opt/ros/jazzy/opt/gz_cmake_vendor:/opt/ros/jazzy DEBUGINFOD_URLS=https://debuginfod.ubuntu.com LD_LIBRARY_PATH=/home/intel/example_ws/install/learning_interface/lib:${LD_LIBRARY_PATH} PYTHONPATH=/home/intel/example_ws/install/learning_interface/lib/python3.12/site-packages:${PYTHONPATH} /usr/bin/cmake --install /home/intel/example_ws/build/learning_action_cpp
[15.658s] Level 1:colcon.colcon_core.environment:create_environment_scripts_only(learning_action_cpp)
[15.658s] Level 1:colcon.colcon_core.environment:checking '/home/intel/example_ws/install/learning_action_cpp' for CMake module files
[15.659s] DEBUG:colcon.colcon_core.event_handler.log_command:Invoked command in '/home/intel/example_ws/build/learning_action_cpp' returned '0': AMENT_PREFIX_PATH=/home/intel/example_ws/install/learning_interface:${AMENT_PREFIX_PATH} CMAKE_PREFIX_PATH=/home/intel/example_ws/install/learning_interface:/opt/ros/jazzy/opt/gz_sim_vendor:/opt/ros/jazzy/opt/gz_sensors_vendor:/opt/ros/jazzy/opt/gz_physics_vendor:/opt/ros/jazzy/opt/sdformat_vendor:/opt/ros/jazzy/opt/gz_gui_vendor:/opt/ros/jazzy/opt/gz_transport_vendor:/opt/ros/jazzy/opt/gz_rendering_vendor:/opt/ros/jazzy/opt/gz_plugin_vendor:/opt/ros/jazzy/opt/gz_fuel_tools_vendor:/opt/ros/jazzy/opt/gz_msgs_vendor:/opt/ros/jazzy/opt/gz_common_vendor:/opt/ros/jazzy/opt/gz_tools_vendor:/opt/ros/jazzy/opt/gz_ogre_next_vendor:/opt/ros/jazzy/opt/gz_dartsim_vendor:/opt/ros/jazzy/opt/gz_math_vendor:/opt/ros/jazzy/opt/gz_utils_vendor:/opt/ros/jazzy/opt/gz_cmake_vendor:/opt/ros/jazzy DEBUGINFOD_URLS=https://debuginfod.ubuntu.com LD_LIBRARY_PATH=/home/intel/example_ws/install/learning_interface/lib:${LD_LIBRARY_PATH} PYTHONPATH=/home/intel/example_ws/install/learning_interface/lib/python3.12/site-packages:${PYTHONPATH} /usr/bin/cmake --install /home/intel/example_ws/build/learning_action_cpp
[15.660s] Level 1:colcon.colcon_core.environment:checking '/home/intel/example_ws/install/learning_action_cpp' for CMake config files
[15.660s] Level 1:colcon.colcon_core.shell:create_environment_hook('learning_action_cpp', 'cmake_prefix_path')
[15.661s] INFO:colcon.colcon_core.shell:Creating environment hook '/home/intel/example_ws/install/learning_action_cpp/share/learning_action_cpp/hook/cmake_prefix_path.ps1'
[15.662s] INFO:colcon.colcon_core.shell:Creating environment descriptor '/home/intel/example_ws/install/learning_action_cpp/share/learning_action_cpp/hook/cmake_prefix_path.dsv'
[15.663s] INFO:colcon.colcon_core.shell:Creating environment hook '/home/intel/example_ws/install/learning_action_cpp/share/learning_action_cpp/hook/cmake_prefix_path.sh'
[15.664s] Level 1:colcon.colcon_core.environment:checking '/home/intel/example_ws/install/learning_action_cpp/lib'
[15.664s] Level 1:colcon.colcon_core.environment:checking '/home/intel/example_ws/install/learning_action_cpp/bin'
[15.664s] Level 1:colcon.colcon_core.environment:checking '/home/intel/example_ws/install/learning_action_cpp/lib/pkgconfig/learning_action_cpp.pc'
[15.665s] Level 1:colcon.colcon_core.environment:checking '/home/intel/example_ws/install/learning_action_cpp/lib/python3.12/site-packages'
[15.666s] Level 1:colcon.colcon_core.environment:checking '/home/intel/example_ws/install/learning_action_cpp/bin'
[15.666s] INFO:colcon.colcon_core.shell:Creating package script '/home/intel/example_ws/install/learning_action_cpp/share/learning_action_cpp/package.ps1'
[15.667s] INFO:colcon.colcon_core.shell:Creating package descriptor '/home/intel/example_ws/install/learning_action_cpp/share/learning_action_cpp/package.dsv'
[15.668s] INFO:colcon.colcon_core.shell:Creating package script '/home/intel/example_ws/install/learning_action_cpp/share/learning_action_cpp/package.sh'
[15.668s] INFO:colcon.colcon_core.shell:Creating package script '/home/intel/example_ws/install/learning_action_cpp/share/learning_action_cpp/package.bash'
[15.669s] INFO:colcon.colcon_core.shell:Creating package script '/home/intel/example_ws/install/learning_action_cpp/share/learning_action_cpp/package.zsh'
[15.669s] Level 1:colcon.colcon_core.environment:create_file_with_runtime_dependencies(/home/intel/example_ws/install/learning_action_cpp/share/colcon-core/packages/learning_action_cpp)
[15.670s] Level 1:colcon.colcon_core.environment:create_environment_scripts_only(learning_action_cpp)
[15.670s] Level 1:colcon.colcon_core.environment:checking '/home/intel/example_ws/install/learning_action_cpp' for CMake module files
[15.671s] Level 1:colcon.colcon_core.environment:checking '/home/intel/example_ws/install/learning_action_cpp' for CMake config files
[15.672s] Level 1:colcon.colcon_core.shell:create_environment_hook('learning_action_cpp', 'cmake_prefix_path')
[15.672s] INFO:colcon.colcon_core.shell:Creating environment hook '/home/intel/example_ws/install/learning_action_cpp/share/learning_action_cpp/hook/cmake_prefix_path.ps1'
[15.673s] INFO:colcon.colcon_core.shell:Creating environment descriptor '/home/intel/example_ws/install/learning_action_cpp/share/learning_action_cpp/hook/cmake_prefix_path.dsv'
[15.673s] INFO:colcon.colcon_core.shell:Creating environment hook '/home/intel/example_ws/install/learning_action_cpp/share/learning_action_cpp/hook/cmake_prefix_path.sh'
[15.674s] Level 1:colcon.colcon_core.environment:checking '/home/intel/example_ws/install/learning_action_cpp/lib'
[15.674s] Level 1:colcon.colcon_core.environment:checking '/home/intel/example_ws/install/learning_action_cpp/bin'
[15.674s] Level 1:colcon.colcon_core.environment:checking '/home/intel/example_ws/install/learning_action_cpp/lib/pkgconfig/learning_action_cpp.pc'
[15.675s] Level 1:colcon.colcon_core.environment:checking '/home/intel/example_ws/install/learning_action_cpp/lib/python3.12/site-packages'
[15.675s] Level 1:colcon.colcon_core.environment:checking '/home/intel/example_ws/install/learning_action_cpp/bin'
[15.676s] INFO:colcon.colcon_core.shell:Creating package script '/home/intel/example_ws/install/learning_action_cpp/share/learning_action_cpp/package.ps1'
[15.677s] INFO:colcon.colcon_core.shell:Creating package descriptor '/home/intel/example_ws/install/learning_action_cpp/share/learning_action_cpp/package.dsv'
[15.677s] INFO:colcon.colcon_core.shell:Creating package script '/home/intel/example_ws/install/learning_action_cpp/share/learning_action_cpp/package.sh'
[15.678s] INFO:colcon.colcon_core.shell:Creating package script '/home/intel/example_ws/install/learning_action_cpp/share/learning_action_cpp/package.bash'
[15.679s] INFO:colcon.colcon_core.shell:Creating package script '/home/intel/example_ws/install/learning_action_cpp/share/learning_action_cpp/package.zsh'
[15.679s] Level 1:colcon.colcon_core.environment:create_file_with_runtime_dependencies(/home/intel/example_ws/install/learning_action_cpp/share/colcon-core/packages/learning_action_cpp)
[15.679s] DEBUG:colcon.colcon_parallel_executor.executor.parallel:closing loop
[15.680s] DEBUG:colcon.colcon_parallel_executor.executor.parallel:loop closed
[15.680s] DEBUG:colcon.colcon_parallel_executor.executor.parallel:run_until_complete finished with '0'
[15.680s] DEBUG:colcon.colcon_core.event_reactor:joining thread
[15.682s] DEBUG:colcon.colcon_core.event_reactor:joined thread
[15.683s] INFO:colcon.colcon_core.shell:Creating prefix script '/home/intel/example_ws/install/local_setup.ps1'
[15.684s] INFO:colcon.colcon_core.shell:Creating prefix util module '/home/intel/example_ws/install/_local_setup_util_ps1.py'
[15.686s] INFO:colcon.colcon_core.shell:Creating prefix chain script '/home/intel/example_ws/install/setup.ps1'
[15.687s] INFO:colcon.colcon_core.shell:Creating prefix script '/home/intel/example_ws/install/local_setup.sh'
[15.688s] INFO:colcon.colcon_core.shell:Creating prefix util module '/home/intel/example_ws/install/_local_setup_util_sh.py'
[15.689s] INFO:colcon.colcon_core.shell:Creating prefix chain script '/home/intel/example_ws/install/setup.sh'
[15.690s] INFO:colcon.colcon_core.shell:Creating prefix script '/home/intel/example_ws/install/local_setup.bash'
[15.690s] INFO:colcon.colcon_core.shell:Creating prefix chain script '/home/intel/example_ws/install/setup.bash'
[15.691s] INFO:colcon.colcon_core.shell:Creating prefix script '/home/intel/example_ws/install/local_setup.zsh'
[15.692s] INFO:colcon.colcon_core.shell:Creating prefix chain script '/home/intel/example_ws/install/setup.zsh'
